index,Breteau,Aeg_aed_index,Res_index,Contain_index,Larvae_index,number,travel,AMB_TEMP,CH4,CO,NMHC,NO,NO2,NOx,O3,PM10,PM2.5,RAINFALL,RH,SO2,THC,UVB,WIND_SPE
2005-10,1.4871794871794872,0.009743589743589746,1.5384615384615385,2.324706459205128,15.846153846153847,0.0,0.0,53710.01,1191.271,1490.23,229.785,24670.39,59262.86,83933.6,44628.1,178303.0,95307.0,197.2,136157.45,20731.2,1421.074,152.0,4038.57
2005-11,2.3333333333333335,0.02333333333333333,2.111111111111111,3.4050509216111116,38.888888888888886,0.0,0.0,32959.51,1234.131,1792.5,269.889,23587.89,64819.07,88407.03,67071.7,277692.0,131294.0,1.2,139997.23,25277.1,1504.007,169.5,3680.69
2005-13,3.5384615384615383,0.008461538461538461,1.0,5.0140691061923075,7.461538461538462,0.0,0.0,57583.59,1124.966,1335.87,207.902,19525.92,49348.5,68874.95,52936.8,142121.0,74474.0,102.6,146081.48,23208.3,1332.848,236.2,4680.96
2005-14,1.0,0.021333333333333336,0.8666666666666667,1.7697013009333333,14.133333333333333,1.0,0.0,54008.64,1189.927,1101.63,141.589,11531.07,38537.47,50068.45,56204.5,169800.0,73301.0,115.8,136098.3,19887.1,1331.514,266.5,4518.71
2005-15,2.132105325142857,0.010973764964285714,1.9502871434642854,1.8946046311428568,30.787042411249995,0.0,0.0,55734.13,1238.939,1561.27,205.195,19346.43,52728.19,72074.6,70654.8,201684.0,101087.0,24.6,144244.66,23087.0,1444.128,185.0,3887.65
2005-17,2.5050505050555554,0.015411810388888888,2.2785547785555553,2.2286210795,42.51126651116667,0.0,0.0,57432.4,920.391,944.6,105.742,13107.39,32212.79,45320.07,50223.9,118035.0,51302.0,318.6,144281.77,15097.899,1026.128,281.0,3758.43
2005-18,2.4214957215,0.023276016264705882,2.019719916852941,2.1851812879999994,39.08016346967647,2.0,1.0,58309.43,991.53204,853.83,153.863,13796.8,29217.93,43015.1,41116.1,94914.0,42387.0,2847.8,144106.53,16209.3,1145.402,284.9,3890.4102
2005-19,3.1255404726,0.014576671700000004,2.4601809954666667,2.1274832024,51.172297636,0.0,0.0,60035.68,925.161,783.68,161.783,15204.68,27068.89,42273.28,38146.1,58088.0,21595.0,17411.0,150322.36,14010.9,1086.939,306.8,3690.4001
2005-21,6.3454545455,0.017734369200000002,6.1341337908,5.513781049,77.706346484,0.0,0.0,54021.38,1042.563,768.97,98.257,10706.88,29665.95,40372.87,64094.3,81089.0,39589.0,3801.8,144446.45,16104.6,1140.822,338.3,3974.23
2005-22,3.837979139185185,0.013249475925925926,2.9532831224074076,3.3152443731111108,57.53365944555555,0.0,0.0,35907.93,1168.819,1093.6901,163.773,18136.32,36209.15,54345.55,48379.4,76401.0,44762.0,17765.8,157873.36,13780.9,1332.579,168.1,3415.78
2005-23,9.3581216609,0.029747889099999997,7.106702798333332,7.729100731733333,192.49482794899998,1.0,0.0,59985.832,1099.247,843.23,126.099,8600.82,29073.59,37674.5,72358.1,108961.0,61055.0,20737.0,145211.1,12836.3,1225.328,246.90001,3985.42
2005-24,6.55763844,0.007087912071428571,4.986209868571429,5.317502095928572,102.312217195,0.0,0.0,60783.332,885.408,774.76,116.266,16108.34,25770.549,41878.82,34783.8,57169.0,31497.0,31342.0,162427.7,12147.3,1001.674,181.4,4567.34
2005-26,12.172905525863637,0.02454545454545454,9.7201426025,11.17134263631818,165.20499108636363,2.0,0.0,51415.16,1150.697,743.58,184.7,17033.9,26617.15,43650.96,31939.0,89381.0,45710.0,7017.2,144999.3,18213.701,1335.397,329.3,4482.95
2005-27,8.346895024152543,0.02799313894915255,7.363844176694916,6.921187930593222,117.55077692932204,0.0,0.0,57074.47,1107.319,561.14,172.099,11393.94,19726.42,31120.32,32170.2,86185.0,36087.0,320.2,138764.5,17392.6,1279.427,385.1,5256.34
2005-28,6.496732026166666,0.043333333333333335,6.663398692833333,5.488260455583333,97.79084967333334,1.0,0.0,58474.96,945.679,623.05,133.008,8970.9795,22687.55,31658.32,38835.5,91915.0,49847.0,1159.2,141448.1,11847.2,1078.713,321.2,4025.98
2005-29,12.666666666666666,0.015555555555555553,10.333333333333334,9.310978580999999,308.22222222222223,0.0,0.0,57604.2,1002.924,939.13,171.296,9894.61,33332.4,43227.13,53919.7,102923.0,51868.0,61420.2,158752.7,11586.8,1174.225,130.2,5814.77
2005-30,9.218620336216667,0.048527704233333344,8.091068802966666,6.706989380066665,178.006210572,0.0,0.0,59517.91,1187.189,773.89,159.84,11388.92,30039.56,41428.61,54105.6,120807.0,67839.0,2193.0,141921.97,17110.6,1347.037,331.3,4181.49
2005-31,9.333333333333334,0.03416666666666668,8.0,7.423521448500002,154.83333333333334,0.0,0.0,56351.68,872.093,518.66,102.509,9435.93,20950.78,30386.73,43335.1,107603.0,54800.0,711.0,150405.39,11839.2,974.609,264.4,6402.6
2005-32,7.241379310344827,0.0317241379310345,6.551724137931035,5.479714126137932,134.0344827586207,0.0,0.0,56111.81,1087.612,852.69,152.327,12240.47,30430.85,42671.26,46278.9,98385.0,54557.0,5894.0,151642.84,18359.4,1239.929,214.4,5008.98
2005-33,17.6414585402,0.06441558439999999,10.9111888112,11.7176763468,341.45034964,0.0,0.0,42555.9,900.81,780.06,126.915,17554.03,25767.35,43321.36,26534.3,71927.0,32409.0,9007.6,148159.69,14352.7,1027.717,232.3,3979.08
2005-38,11.171084338,0.097253012,7.5662650602,12.059894982600001,146.32289156,4.0,0.0,52788.28,768.307,1015.28,124.233,17090.73,35289.55,52380.37,56393.8,118364.0,71933.0,2462.8,149579.45,13344.3,892.539,203.1,3681.1
2005-39,20.016451880400002,0.1461905792,11.694908572,13.393917883199999,395.3677181,2.0,0.0,55286.96,822.167,857.15,94.401,9364.92,33352.6,42718.08,83640.1,155619.0,84550.0,2761.2,147364.25,13005.0,916.555,209.4,4130.23
2005-40,15.745614033499999,0.5938596495,12.719298243999999,9.227272724999999,357.71929823000005,1.0,0.0,48849.06,930.855,1057.1799,273.283,12397.06,38090.35,50487.11,67179.0,161315.0,88709.0,1613.6,146734.9,14542.3,1204.142,190.4,3683.18
2005-41,20.226537215,0.092954342,11.650485435,10.26272578,447.24919095,0.0,0.0,46482.14,1007.148,1198.1799,153.778,14739.31,43679.16,58418.55,81665.2,211803.0,114135.0,359.2,140586.56,16531.6,1160.507,179.3,3537.65
2005-42,10.9273528710625,0.03532304168750001,8.0840171793125,10.0646605688125,174.965384376875,2.0,0.0,47776.58,1171.501,1206.99,174.225,14986.811,45364.39,60351.37,91569.1,218848.0,124902.0,13.0,135993.73,18734.8,1345.732,182.9,3726.65
2005-43,23.691037836666663,0.041828287500000005,5.833889601208333,29.983072531875,126.29002036833334,1.0,0.0,40683.96,1132.367,1274.9,213.45,18630.49,51787.57,70429.08,74447.3,204124.0,110295.0,32.6,140865.8,23306.3,1345.822,165.5,3964.29
2005-44,7.498834498772727,0.037908953772727294,5.693850267431818,6.782793078499998,114.67455093863637,2.0,0.0,39366.07,1198.1641,1324.92,166.347,16390.63,49816.16,66207.24,73960.5,211252.0,129311.0,60.0,143949.88,15578.4,1366.32,153.2,3228.17
2005-45,7.376146789,0.017293578,6.376146789,5.7936033265,134.59174312,11.0,0.0,34251.23,1012.665,1255.48,137.694,12132.2,44239.26,56312.66,59928.2,195975.0,128090.0,230.2,141835.4,17492.2,1150.3569,149.6,3417.52
2005-46,13.626387524375,0.12204877875000002,11.026256370875,10.26623691075,207.89624805374999,9.0,0.0,35746.47,963.874,1352.29,193.602,28511.35,59185.53,87666.48,53322.2,224364.0,105777.0,197.6,138443.62,21868.0,1157.466,122.4,3581.68
2005-47,6.67411066525,0.0787909505,5.634695208,4.935253847,106.793670395,2.0,0.0,33533.43,1013.14197,1658.84,237.023,27562.26,65987.54,93549.81,57197.8,256278.0,156291.0,873.4,146043.44,20904.2,1250.603,153.7,3505.86
2005-48,21.59090909,0.056818182,12.5,12.62458472,443.75,3.0,0.0,7972.31,1175.274,1541.82,244.3,22341.27,65312.42,87673.86,63416.3,302019.0,159818.0,0.2,127616.56,21838.1,1419.59,163.2,3972.52
2005-49,12.64822134,0.067193676,11.46245059,7.032967033,183.0039526,2.0,0.0,42974.54,1219.49,1656.46,297.214,39284.29,73202.08,112373.65,36622.6,283250.0,162302.0,0.0,130932.54,23638.5,1516.706,100.9,3838.33
2005-50,4.683294011666667,0.0,4.238849567333333,4.003158848,38.99876418333333,0.0,0.0,42398.44,1169.561,1571.44,268.248,28561.25,68846.48,97333.28,33638.9,271658.0,146573.0,10.4,126515.23,22651.1,1437.823,91.1,4436.54
2005-51,1.7777777777777777,0.0022222222222222222,1.7777777777777777,1.9611396355555553,16.666666666666668,0.0,0.0,40319.96,1179.775,1431.74,232.556,19010.52,63911.2,82883.71,55542.2,258893.0,134662.0,2.2,117460.96,19849.1,1412.325,137.1,4365.8
2005-52,2.303952991520833,0.00375,2.178952991520833,1.9243631856249996,27.1896367514375,1.0,0.0,31262.21,994.705,1420.12,291.711,33624.46,51374.02,84961.67,21807.3,203246.0,127583.0,1669.4,132146.4,15875.3,1286.403,98.4,2973.45
2005-9,1.1851851851851851,0.003703703703703704,1.3333333333333333,1.7908739988888887,15.185185185185185,1.0,0.0,55369.35,1175.719,1317.7,272.81,28181.14,54835.85,83017.03,37600.7,168447.0,95185.0,348.6,140826.17,24909.2,1448.54,116.299995,5307.37
2006-1,3.4586206896999996,0.004862069,3.4586206896999996,3.4262828371000005,30.096551724,3.0,0.0,48560.64,1177.658,1702.32,270.249,32359.71,64224.668,96656.9,36198.0,239695.0,140764.0,0.4,136410.72,20986.6,1447.889,124.799995,4126.5
2006-10,4.672984480589742,0.022143530282051276,3.8504621618974353,3.06984882625641,87.98250590774357,0.0,0.0,58359.79,1236.464,1555.57,238.79,14830.34,60052.29,74882.93,74370.1,257623.0,136284.0,0.4,131172.31,18959.6,1475.265,233.2,3920.22
2006-13,2.924804633571428,0.0048828529999999995,2.6040846580285706,2.141501406628571,29.55250046191429,0.0,0.0,59101.82,1132.941,1324.16,175.203,12897.11,47852.43,60749.918,65996.5,219685.0,97173.0,239.6,130501.4,17829.8,1308.144,203.0,3656.1
2006-14,3.297526354119999,0.019654666380000005,2.959597647819999,2.43771550604,41.0258553897,2.0,1.0,55309.34,1188.124,974.33,115.249,8393.66,31300.66,39694.28,58118.1,139719.0,70929.0,0.2,140256.67,14865.2,1303.364,315.8,4434.33
2006-17,7.286932094692307,0.03189479176923077,5.605238496358974,4.670712622923077,92.53379958361539,1.0,1.0,59236.91,1182.55,1185.34,174.043,13428.96,39273.93,52702.3,44711.3,119088.0,63076.0,1156.6,150496.73,12446.4,1356.592,220.9,3068.89
2006-18,7.738534104021277,0.025999413191489355,7.674637241042551,5.2983687239361705,134.50891787910638,1.0,1.0,63482.47,1083.95,971.0,147.17,9775.07,30621.22,40396.38,46822.0,109408.0,60188.0,2796.0,146566.16,11524.6,1231.125,281.3,3564.5
2006-2,10.0,0.0,10.0,13.15789474,106.0,1.0,0.0,45785.32,1229.294,1896.84,336.972,37603.98,76511.31,114071.28,46184.7,260364.0,157918.0,0.8,141219.95,20263.7,1566.279,162.59999,3457.07
2006-20,7.352941176,0.029411765,7.352941176,6.578947368,41.17647059,0.0,0.0,57713.258,988.867,1076.2,119.302,8913.94,36835.64,45749.74,78832.3,139980.0,65550.0,1304.2,139153.3,17436.5,1108.165,238.8,5067.47
2006-21,9.126341461899997,0.027210716350000004,7.422022136799998,6.3046897819000005,116.13902852900003,1.0,0.0,60616.27,1097.896,733.01,112.86,9523.54,23789.62,33313.07,46668.9,88458.0,48519.0,13.799999,139546.23,12048.1,1210.75,368.9,3944.78
2006-22,9.399480501825396,0.034962365158730135,7.162976580269841,6.129872876031746,122.50611036142858,0.0,0.0,43542.65,1119.131,936.7,163.31,19193.56,29959.75,49153.39,28366.3,71838.0,36871.0,11877.4,156259.88,14097.3,1282.455,237.9,3149.43
2006-29,21.875,0.140625,18.75,16.47058824,181.25,4.0,0.0,55213.21,1154.629,706.59,122.819,11690.5205,22845.08,34535.98,41082.1,72748.0,35049.0,611.6,145933.42,12728.6,1277.449,360.6,3664.72
2006-35,36.60531697,0.102249489,21.06339468,32.8440367,544.3762781,4.0,0.0,51524.832,1369.967,880.62,153.99901,12104.14,28564.54,40668.67,46099.5,90170.0,49928.0,3376.6,147589.03,11989.1,1523.968,293.8,3716.46
2006-36,15.445208386333334,0.014005602333333334,10.357355065666667,11.441513620333334,280.4974110666667,7.0,0.0,50898.55,1485.686,1002.25,156.771,10513.86,30127.93,40641.76,46780.2,81374.0,46918.0,6043.4,153832.11,9471.9,1642.461,244.4,3131.0
2006-37,16.071155712,0.10598650579999999,13.419021784400002,11.558250212399999,271.09258156,2.0,0.0,52900.38,1585.665,947.39,232.277,11132.76,30482.4,41614.71,58046.2,97034.0,51010.0,950.4,146123.89,14496.5,1817.941,282.1,4581.21
2006-38,15.858585857333333,0.10404040399999999,12.323232324000001,8.083842855333334,163.23232322333334,8.0,0.0,48476.418,1946.683,1394.4,269.654,7834.19,40886.81,48720.85,88865.4,184318.0,118014.0,235.6,140108.38,12866.8,2216.352,180.6,3074.88
2006-39,15.117056857333333,0.04114243233333333,11.820353558333332,11.467223169666667,211.0792589,12.0,1.0,50874.23,2069.4321,1020.93,214.839,6337.55,32391.38,38728.96,109158.9,165029.0,97679.0,612.6,135144.53,13099.101,2284.276,243.6,3320.88
2006-40,12.569343711666667,0.06156785666666667,9.438168255,9.580198388166666,213.37933028666666,20.0,0.0,51688.02,2152.413,1109.37,245.685,7908.39,37546.14,45454.5,94794.5,213880.0,120412.0,11.2,129054.43,16651.6,2398.101,194.1,3624.6
2006-41,9.294217980583333,0.10846553075,7.6148614965000005,8.455423875416667,166.66506888916663,14.0,0.0,51956.15,2055.595,1047.52,211.494,6800.08,33097.77,39897.82,102941.7,168991.0,107393.0,61.800003,138091.77,14017.0,2267.086,203.3,3368.41
2006-42,11.905048174666666,0.15459768466666665,9.97952544075,8.975240211249998,206.966466245,17.0,0.0,47780.2,2020.373,991.2,221.86299,7340.7803,35273.71,42614.56,77450.7,157117.0,92470.0,0.6,132623.94,11782.7,2242.249,180.9,3280.47
2006-43,6.995199233166666,0.032292344083333334,9.790215407916667,4.391430682666667,126.46172349266665,22.0,1.0,47589.17,2175.716,1187.75,299.512,8077.35,42596.05,50673.9,90640.6,171624.0,97868.0,46.600002,132777.14,15123.5,2475.248,149.8,3060.85
2006-44,10.761220371624999,0.038392742375,7.4335878225,6.1421059062499985,125.06068818750002,26.0,1.0,40859.31,2179.311,1455.74,413.934,17984.81,57198.6,75183.15,57394.5,183869.0,107383.0,100.8,140071.23,18812.1,2593.241,108.0,3207.79
2006-45,4.841604964611111,0.03808148744444445,4.128668965166667,3.572429715888889,76.64089598961111,23.0,0.0,43265.24,2245.939,1583.48,435.83,9761.45,58358.24,68119.82,92982.2,250471.0,162314.0,0.2,130784.48,18754.2,2681.759,124.5,2991.71
2006-46,3.576073669545455,0.012276834545454545,3.2354828880909094,3.2175519183636365,37.78872565699999,6.0,0.0,40530.99,2227.229,1387.49,388.334,13885.23,50110.88,63996.09,57831.3,166819.0,106841.0,1.8000001,127654.9,16824.5,2615.555,145.1,3419.92
2006-47,3.726865150454546,0.005731229727272727,2.7743128438181817,2.447191782181818,51.57681120636364,14.0,0.0,45364.78,2146.251,1308.82,372.13998,13095.84,48752.73,61848.34,53914.5,139652.0,85907.0,1618.4,142670.25,17025.1,2518.378,120.6,3508.51
2006-48,6.230235965777777,0.0450103475,5.962693985055555,4.675052075555556,108.9842891738889,9.0,0.0,39711.89,2309.232,1462.22,423.765,18951.07,54632.7,73583.95,48478.3,162649.0,90620.0,334.0,141205.1,18153.2,2732.984,118.1,4036.0
2006-49,6.669497282,0.0217974634,4.1446649718,5.436659822999999,245.700773256,7.0,0.0,46067.38,2408.047,1596.05,500.168,19035.11,62727.1,81762.68,66367.9,234090.0,143220.0,1.0,140889.44,18787.4,2908.27,127.7,3379.08
2006-50,2.814448055125,0.01492145625,2.3514850922500004,3.06391245275,52.64042538500001,3.0,0.0,45280.64,2243.1619,1475.51,408.023,19549.66,51046.13,70595.98,39506.1,182900.0,112141.0,77.6,147559.69,16097.3,2651.1821,95.7,4419.64
2006-51,3.501410965884615,0.008417997115384615,2.8148012792692305,3.4051746544230763,35.39827449269231,2.0,2.0,38116.47,2353.803,1361.46,475.433,19814.43,56767.18,76581.95,56528.6,198599.0,106240.0,5.0,132106.62,16790.7,2829.247,125.100006,3701.98
2006-52,4.4213810879999995,0.032804232999999995,4.4213810879999995,3.618468830333333,123.51919685666667,7.0,0.0,36539.32,2495.948,1752.84,544.751,26855.55,72156.71,98980.53,48512.5,241874.0,150815.0,717.6,159193.7,20314.3,3040.699,135.6,4632.36
2006-7,6.0,0.0,4.0,10.0,0.0,0.0,0.0,53485.33,1014.732,1530.38,212.536,21516.959,61229.54,82746.34,44049.0,218838.0,117642.0,0.4,136442.1,20453.7,1227.265,192.5,4309.84
2006-9,3.8708763829999997,0.02262877360869566,3.2518448870652175,3.0703905610652167,44.858322030978265,0.0,0.0,56793.64,1219.337,1505.26,252.308,21621.47,63593.17,85214.47,47536.3,217169.0,124805.0,34.0,136660.77,18669.1,1471.63,133.5,4157.96
2007-1,1.280539571472222,0.0,1.169428460361111,1.314799295888889,15.413601491083334,3.0,0.0,46576.9,2413.322,1779.36,496.898,24779.97,69470.27,94249.81,45585.098,247189.0,134582.0,0.4,160291.83,21592.7,2910.195,156.2,5197.65
2007-10,2.507900259573171,0.006540287780487807,2.2697848360487805,2.618868328439025,37.23617049609756,0.0,0.0,55174.3,2351.379,1573.06,445.846,26477.98,58894.66,85372.85,46908.6,169634.0,104116.0,20.800001,143152.66,21087.5,2797.232,216.4,3972.96
2007-11,1.3462375138800002,0.00937358492,1.3462375138800002,1.3909648903599998,23.706785052,0.0,0.0,54224.7,2271.212,1284.77,367.122,14289.93,50339.23,64629.57,54950.3,172345.0,85842.0,0.0,140714.2,20210.6,2638.309,279.4,4167.27
2007-12,2.326317519806451,0.01307565264516129,1.8133267154838704,2.112670090290322,31.25718179574194,2.0,0.0,39441.76,2241.421,1474.45,417.584,16044.13,52951.59,68996.0,58943.3,175108.0,86188.0,505.4,144675.83,18887.1,2659.011,242.59999,3992.73
2007-13,5.4615384615,0.03,4.4615384615,4.04434974725,83.51923077000001,2.0,0.0,55081.68,1968.05,911.74,212.017,11499.65,29656.37,41155.85,44274.8,89669.0,40752.0,4.0,147112.72,11262.0,2180.073,391.4,3318.09
2007-14,2.0987706736756753,0.005896805891891891,1.9366085115135132,1.7914988427567569,22.87540909,1.0,0.0,57886.21,2258.719,1421.52,340.893,20520.9,53170.33,73691.33,42997.402,143149.0,72811.0,983.4,147937.34,20807.1,2599.591,167.9,3440.58
2007-15,3.0049556993673465,0.01291485791836735,2.4849836079795917,2.615188220714286,32.83787109444898,2.0,1.0,59783.89,2167.552,1291.05,264.887,8813.61,43975.84,52789.492,86069.4,165965.0,79055.0,5.8,132493.31,16158.9,2432.478,319.1,3619.85
2007-16,2.685204926104166,0.007264402270833334,2.397560381124999,2.177788176375,30.150563074624994,0.0,0.0,56169.26,2142.024,1099.72,242.783,7912.66,38900.02,46812.47,83429.8,136789.0,67244.0,843.0,138045.38,18326.3,2384.816,408.3,4137.19
2007-17,4.585371403581394,0.01973287767441861,3.713319151139534,3.682659687581395,61.27017603558139,0.0,0.0,57203.29,2187.1821,1051.87,261.619,7703.01,36895.96,44598.32,76005.7,140321.0,58161.0,5.8,140467.23,16200.5,2448.788,373.6,3818.28
2007-18,2.527545806622222,0.007067873288888889,2.092488209933333,2.274934669377778,30.957194690599998,1.0,0.0,60183.92,2234.258,1115.81,287.873,7923.31,36906.35,44829.57,76046.0,134939.0,67979.0,1551.8,143900.56,15469.0,2522.143,334.0,3743.7
2007-19,5.083712169391304,0.014712217434782609,4.0342081499782605,4.250820917652175,61.57876612328262,2.0,0.0,59379.47,2167.604,1087.25,198.287,5139.14,33050.77,38194.25,118889.9,184711.0,90739.0,0.6,128677.43,12891.6,2365.8801,339.7,3720.32
2007-2,1.7532423625294113,0.0,1.6355953037058821,1.8630348440588236,31.144124246,1.0,0.0,42747.88,2229.332,1664.46,486.639,24562.7,67614.18,92176.92,46435.2,243452.0,138006.0,0.4,139110.39,20954.4,2715.966,128.3,3937.96
2007-20,7.172208151222222,0.03034671833333333,5.4620064444444445,5.9319959311111115,93.41149592888888,1.0,0.0,61649.18,1981.563,875.79,174.9,6824.61,27363.95,34185.82,64106.2,120982.0,58304.0,23807.0,150723.12,11519.6,2156.487,241.8,3769.83
2007-21,6.469135802333334,0.022222222333333333,6.469135802333334,4.103543222333333,71.92592592666666,0.0,0.0,61057.12,1981.4,686.55,182.854,9526.32,24645.95,34171.94,41967.4,69112.0,30461.0,623.6,156971.0,10826.5,2164.26,477.5,3541.51
2007-23,15.602367739333335,0.02120557406666667,10.1717104454,8.4874746228,240.05302749333333,1.0,0.0,41764.88,2105.274,978.54,334.033,19461.13,29777.74,49239.13,30654.5,69324.0,36946.0,9498.8,160519.48,10809.8,2439.3,325.5,3284.58
2007-24,18.11670437375,0.034005153375000007,12.962921065833333,12.255869612083332,256.1368778279167,1.0,0.0,60290.69,2085.138,999.82,334.119,19530.77,27450.3,46981.05,36776.0,73746.0,37643.0,7216.4,157882.38,11981.6,2419.259,370.2,3193.4
2007-25,13.473039215625,0.039901960812500005,8.477941176249999,9.729080323437499,177.90196078125,0.0,0.0,61622.98,2054.084,787.56,255.372,6243.34,25634.72,31878.16,61049.3,87901.0,54055.0,518.0,140514.95,11389.9,2309.454,471.4,3969.38
2007-26,13.954595100344829,0.03507879541379309,8.897747958758622,8.73296366537931,198.13741093448274,2.0,0.0,56778.8,1881.829,611.58997,263.738,13894.17,19001.72,32895.84,28146.9,56460.0,26435.0,5645.2,144487.84,15860.0,2145.535,565.60004,5986.73
2007-27,15.326923076875,0.06269831725,10.8287259615,11.757123588125,235.06730769249998,3.0,0.0,55695.41,1960.561,514.46,193.557,8856.99,17639.35,26496.25,37350.5,68879.0,31549.0,1186.6,139525.22,10849.1,2154.104,598.3,4542.99
2007-28,14.687585628545456,0.015974026,10.21443502909091,9.803240068363635,173.73267779181816,3.0,0.0,54723.87,1951.766,566.69,185.656,8115.14,18934.36,27049.8,43096.8,62542.0,35333.0,1682.6,150778.95,8728.2,2137.433,551.6,4456.4897
2007-29,15.833193704,0.05491967106666667,11.738523902199999,10.182252765533333,218.79567187333336,4.0,0.0,58134.34,1999.794,678.42,225.671,11443.51,18998.11,30441.871,36818.9,68740.0,32734.0,1994.2,153473.66,7629.3,2225.44,509.2,3845.66
2007-3,1.479223436714286,0.0,1.425315080914286,1.623450274885714,17.55371185822857,2.0,0.0,48202.57,2327.237,1614.84,484.419,23491.24,59406.49,82897.82,37190.5,185648.0,119026.0,409.2,151357.83,17171.3,2811.638,136.1,4315.77
2007-30,7.4016563902,0.03236667380000001,6.5073279184,8.757574777799999,149.220748424,18.0,0.0,57026.6,2034.2731,806.51,235.368,6196.31,28198.29,34394.55,66711.3,95883.0,59196.0,2007.4,141820.8,10964.3,2269.645,391.5,3686.94
2007-31,7.491242617875,0.028420536374999996,4.19371410075,9.670885703,197.44504894375,18.0,1.0,56770.5,1847.036,757.17,225.792,6524.8,24183.55,30708.14,62679.3,88423.0,55490.0,403.2,138636.92,12751.8,2072.825,481.5,3988.84
2007-32,12.364160486083334,0.07494611441666665,7.554131997999999,6.803784247666665,144.86961075158334,3.0,0.0,56075.77,1770.974,804.25,221.934,11696.55,26993.21,38689.89,50040.2,79117.0,45556.0,21837.2,160519.78,12984.0,1992.887,224.7,4719.4897
2007-33,8.67516767626923,0.027300873846153848,6.440718425346153,6.467447916615384,136.97590239923076,4.0,0.0,57909.96,1896.199,841.69,251.623,13552.54,26909.28,40462.07,51005.1,73287.0,40000.0,57134.0,171912.62,14912.7,2147.838,156.0,6029.58
2007-34,7.315548567651163,0.015608177744186045,6.134445317441862,5.440897575372094,85.00628395534883,4.0,0.0,36536.02,2057.564,1074.89,368.183,21181.64,30888.84,52070.62,40754.9,76715.0,47427.0,17243.4,163921.3,13866.8,2425.742,259.3,3345.33
2007-35,11.581836751418605,0.029670150627906976,8.05400399827907,8.856138637372093,130.83314081465116,5.0,0.0,57233.1,2076.346,824.79,221.858,7770.25,27114.66,34884.91,61284.6,88017.0,55068.0,310.2,149191.81,11377.4,2298.233,408.6,3627.98
2007-36,10.840497739137932,0.043911672172413804,7.888970273448276,7.922590309517241,115.10211718827588,3.0,0.0,53236.47,2062.9219,870.42,216.382,7271.35,28001.58,35272.64,68088.0,77359.0,48876.0,8555.8,156887.67,11229.6,2279.312,332.30002,3308.73
2007-37,13.033888702232556,0.022431165627906976,9.008306285488374,8.949758333511628,147.97068851,3.0,0.0,51605.78,2054.892,1061.19,224.273,4036.69,27958.39,31994.93,107362.9,145621.0,100650.0,920.4,146878.73,11906.6,2279.153,367.3,3512.49
2007-38,8.73428683370588,0.028505379882352938,6.519691359,6.249298156529413,83.60143766176472,1.0,0.0,53861.06,2227.4849,1416.4,347.574,8003.41,39071.23,47074.54,89296.5,162912.0,108579.0,2824.0,164098.45,16174.9,2575.041,207.7,4178.19
2007-39,10.76209130394872,0.012836966948717948,7.952291930384615,8.02022900969231,107.34417617402563,2.0,0.0,52634.56,2146.687,1026.48,274.348,7046.33,31324.15,38370.258,80290.6,117625.0,73048.0,1614.0,161024.48,11707.9,2421.036,324.5,3108.48
2007-4,0.9405693433225806,0.0,0.6894172696129033,1.0076423271612904,16.931589828032262,2.0,0.0,45505.95,2168.74,1525.56,418.635,20267.45,57793.25,78060.92,42861.4,216748.0,137802.0,28.800001,142544.34,17552.4,2587.399,158.8,5068.01
2007-40,9.6301660903125,0.02389046003125,6.94861034053125,7.433288076968749,98.70869440249999,0.0,0.0,49073.46,2017.642,895.26,221.511,6057.78,29645.94,35703.85,75349.7,131335.0,74739.0,4633.4,160693.53,11219.1,2239.166,232.0,5361.26
2007-41,8.545454545454545,0.0009090909090909091,6.636363636363637,6.882232586090908,71.36363636363636,0.0,0.0,49390.06,2214.192,1691.91,436.48502,9717.54,47695.71,57413.38,83292.7,207019.0,132294.0,424.2,161998.22,15114.5,2650.685,213.5,2548.82
2007-42,10.073411217416664,0.014591807333333333,7.298729630374999,8.083903272125,95.92231023104166,1.0,0.0,47508.26,2050.694,1241.93,358.277,11230.99,49541.0,60771.85,86307.8,202558.0,114382.0,14.4,135911.38,17966.6,2408.971,258.6,3285.8801
2007-43,7.976923076599999,0.042948718000000004,5.3871794872,4.7928043775999996,68.056410248,7.0,0.0,39479.668,2179.517,1214.69,309.51498,7512.3,43151.28,50663.61,107694.1,187458.0,119745.0,2.4,144142.45,15945.4,2489.039,244.8,3252.2
2007-44,7.129781997625,0.031369551875,5.5739996595,4.705282525,78.4882367825,8.0,0.0,42786.01,2279.377,1413.49,420.877,11783.62,53255.71,65039.18,81427.9,244368.0,122906.0,0.6,146871.38,19330.9,2700.241,211.0,3473.59
2007-45,9.557392846615384,0.059562003384615377,6.8770557928461535,5.917140620461538,93.20725744938461,8.0,0.0,34338.0,2238.8071,1406.35,458.745,20610.07,58615.02,79225.24,52088.3,195040.0,115186.0,44.4,155746.62,20146.4,2697.544,140.9,3404.44
2007-46,3.6754984863333338,0.024141705555555552,3.382510258888889,2.491199249222222,30.748480060000002,5.0,0.0,45467.01,2238.506,1329.77,379.21,9380.94,51210.02,60590.37,82460.6,214883.0,127885.0,1.4000001,143075.58,15005.7,2617.716,208.2,3235.86
2007-47,6.348453742607142,0.04135895628571429,5.304670844535713,4.751923571821429,69.71870948246428,4.0,0.0,46124.13,2257.409,1417.34,407.419,13579.85,56480.3,70060.766,78546.2,228724.0,124744.0,0.2,140009.19,17615.6,2664.793,191.5,3472.82
2007-48,6.428741024692308,0.003520325461538462,5.38108684,3.951892532,66.63389806676922,2.0,0.0,42101.21,2177.955,1345.14,397.742,17456.09,55002.19,72458.31,46539.2,182422.0,112649.0,3594.0,144145.2,14922.7,2575.705,165.3,3908.06
2007-49,8.600024233800001,0.0058536586000000005,5.86301212,5.3932281168000005,83.67253888600001,2.0,0.0,45162.78,2315.32,1762.8,514.457,20739.5,66167.61,86907.37,62490.5,283833.0,172842.0,0.2,144592.06,20561.4,2829.754,172.0,3080.27
2007-5,1.2490732121320756,0.0,1.0796508527735849,1.448159600056604,27.865737335603775,3.0,0.0,53759.7,2248.513,1503.0,495.636,18154.77,70774.05,88928.67,64210.9,265901.0,154665.0,0.8,114725.83,23307.201,2744.181,220.20001,3967.88
2007-50,2.4229630895,0.019973005214285716,1.925871945285714,1.7477314505714288,25.793298451428573,3.0,0.0,48454.63,2362.813,2076.58,564.27,20510.25,73598.37,94108.51,66655.5,311432.0,200754.0,0.0,146204.12,21576.3,2927.092,180.09999,2867.83
2007-51,3.16500694064516,0.011537001903225808,2.3742923265806453,2.619417486967742,30.195868708870968,2.0,0.0,46851.69,2153.573,1723.32,516.771,20325.83,63817.14,84142.77,55439.1,241550.0,148588.0,0.0,151082.95,17330.1,2670.331,185.2,3347.3
2007-52,3.7900934393437495,0.01763469240625,3.02028728021875,3.025371011906251,36.794742322062504,2.0,0.0,47128.44,1900.59,1271.63,437.165,20842.84,59435.91,80279.18,47226.8,231187.0,124210.0,1.2,149417.06,16891.1,2337.7551,168.6,4546.35
2007-6,0.39480259868965517,0.0,0.39480259868965517,0.37383981806896555,4.265867066551724,1.0,0.0,43691.93,2244.78,1631.0,508.537,15129.0,63520.97,78649.65,73557.5,209802.0,135843.0,567.8,129974.06,19975.4,2753.303,248.8,3520.39
2007-7,1.4172483731525423,0.0,1.3507555439491523,1.7102248793220338,19.48223066779661,0.0,0.0,48891.32,2142.022,1327.27,363.022,14588.83,45890.67,60479.23,50599.7,169396.0,103894.0,0.0,142974.77,18360.4,2505.037,278.3,3906.83
2007-9,3.4084603917500003,0.0354938095,2.851455921,2.348914525,41.17471053375,0.0,0.0,54569.02,2303.008,1261.75,335.0,11288.4795,49690.02,60978.93,73169.2,189572.0,88688.0,4.2,139581.08,17672.2,2638.013,324.6,3869.3499
2008-1,2.8645340689523806,0.0025535399523809524,2.5374920304285715,2.5383352574761906,29.84397013523809,0.0,0.0,48590.39,2768.513,1916.0,689.974,31969.34,81428.35,113397.58,54545.8,274669.0,161538.0,12.400001,179161.44,24882.7,3458.523,210.1,5088.01
2008-10,2.6905370843913046,0.005150501652173913,2.0835464620434783,2.2400693272173915,22.842284739999997,0.0,0.0,55496.8,2202.228,1384.94,436.081,8863.06,57164.14,66027.3,87696.5,276196.0,141116.0,2.6000001,118316.59,16883.2,2638.3,285.69998,3863.46
2008-11,1.8274509804,0.003428571428571429,1.8274509804,1.4903097521428572,15.654901960771427,3.0,1.0,56806.62,2261.615,1623.56,531.507,12832.4,54964.3,67796.63,72854.0,263769.0,160954.0,1.2,143206.38,20374.1,2793.116,272.2,3794.82
2008-12,2.10557806083871,0.01398525129032258,1.6971856451290324,1.7351791310322582,17.71292551577419,0.0,0.0,47361.79,2065.99,1254.21,311.09702,7898.98,42848.2,50747.22,75151.7,208439.0,111660.0,1426.4,139792.98,15895.3,2377.061,315.69998,4225.61
2008-13,3.451680672214285,0.021206097785714285,3.0340982546785717,2.9184169385714287,30.403145872500005,0.0,0.0,53557.22,2126.843,1278.81,300.686,6052.9,45199.32,51252.02,93979.1,201894.0,119030.0,10.4,135020.33,14384.2,2427.5,314.69998,3471.32
2008-14,3.741804337787878,0.016106286151515152,3.212453610151514,3.146128084121213,33.33412815581817,0.0,0.0,54823.55,2243.698,1473.44,341.877,11997.51,49321.0,61318.69,73464.1,177283.0,111046.0,4.2000003,149791.38,14848.3,2585.55,305.4,3364.97
2008-15,2.2511471072380953,0.007600373476190475,1.872062139904762,1.9000183160476192,20.51061927738095,2.0,0.0,57490.35,1985.5701,960.11,265.457,10468.71,32926.26,43395.03,54670.6,108135.0,69753.0,904.4,146371.97,12626.7,2251.015,368.69998,3623.55
2008-16,7.937253549111111,0.022804669222222223,5.760638129111111,6.441483823666666,106.54094961333334,1.0,0.0,53402.38,2026.592,1302.02,365.138,9629.31,45822.44,55451.91,69271.9,185695.0,106979.0,248.2,146596.9,18377.6,2391.729,325.4,3567.85
2008-17,5.7369720527500006,0.008537633125,4.973195852750001,4.46880876125,54.98817125137499,0.0,0.0,57571.21,2077.703,1223.71,300.251,7341.92,40179.36,47521.19,88062.6,181088.0,110361.0,272.0,136830.66,16387.5,2377.962,300.6,3688.52
2008-18,4.747196537478261,0.026754541260869565,3.882680831521739,4.144875315826087,44.472424421304346,1.0,0.0,58212.902,2029.599,1213.93,278.593,6937.3,40418.35,47355.7,73515.3,148353.0,95884.0,41.0,144557.94,13340.3,2308.195,323.8,3692.17
2008-19,5.136058183709677,0.012220600387096775,3.9313706249032254,4.361540208903226,43.45284150012903,1.0,0.0,58779.37,2105.307,871.0,230.276,6068.35,29668.69,35737.34,67139.6,121619.0,63837.0,9.6,142747.62,11175.8,2335.596,460.6,4303.7
2008-2,2.714181028615385,0.004539820461538461,1.3536983743076925,1.9767792396923078,17.047933565692304,0.0,0.0,42771.14,2249.308,1683.84,709.862,14080.39,60390.02,74470.15,66673.0,224738.0,148414.0,16.6,140912.45,18871.299,2959.178,177.3,3282.11
2008-20,3.422171118692307,0.012988165692307692,3.0405143139615385,3.094531023653846,33.490217483500004,0.0,0.0,61532.11,2019.647,953.94,203.949,4039.2,29534.35,33573.46,113198.9,170241.0,91564.0,3.0000002,126576.25,12163.7,2223.593,408.5,3850.6
2008-21,11.842440800133334,0.06326960899999999,7.564675354266666,9.625489925333332,103.30165257333331,0.0,0.0,56739.64,2055.526,943.86,280.366,10079.3,31749.951,41829.21,47976.2,106831.0,63218.0,2322.2,154840.1,10543.9,2335.857,375.2,3513.59
2008-22,6.3647058821,0.0258823529,4.5803921568,4.854171601099999,53.7254901955,1.0,0.0,55772.03,2068.844,747.19,223.405,8344.79,22122.18,30466.86,39616.3,89579.0,50530.0,6114.8,156951.48,7302.4,2292.254,429.80002,3226.45
2008-24,11.380392155600001,0.043137255,7.0666666666,9.008811763,122.80784313,0.0,0.0,60641.59,1970.3191,630.45,267.064,11922.94,21312.14,33235.15,27467.4,58183.0,30689.0,10703.2,154939.66,11972.5,2237.395,396.0,4478.73
2008-25,11.939231812833334,0.025834448,10.0280125595,9.348078627,90.88350550333332,2.0,0.0,57748.44,1695.532,612.72,198.154,10592.08,22584.76,33176.99,37527.5,66610.0,35929.0,32246.0,156942.06,13291.1,1893.6841,417.80002,4394.88
2008-26,11.064332010250002,0.022303921500000004,8.975819246375,8.4429471359375,115.89014698374999,1.0,0.0,56559.06,1859.772,650.81,230.88,11853.0,24571.791,36424.98,33102.0,73537.0,33736.0,13092.6,161869.86,12021.2,2090.637,445.2,4605.9
2008-27,20.318061840000002,0.009852941125,12.49736048175,15.690261277625,150.2892156925,2.0,0.0,58907.94,2015.936,551.49,180.017,11075.28,19129.65,30204.86,33358.5,65212.0,34824.0,27.800001,148488.69,10992.0,2195.962,538.7,4044.2
2008-28,15.866666667,0.016,11.5058823522,12.8144090312,130.93333333599998,2.0,0.0,60114.39,1985.995,614.12,187.886,11080.51,20622.24,31702.93,32961.2,54958.0,28177.0,9427.6,162845.33,8675.5,2173.899,433.19998,3808.06
2008-29,18.68627451,0.0,8.8627451,13.887587823499999,148.4901961,1.0,0.0,59369.7,2027.658,730.65,215.101,8073.68,24876.36,32950.48,45036.3,73185.0,41894.0,29401.4,162595.77,8764.3,2242.762,307.7,4392.88
2008-3,1.7273263820434783,0.0,1.466456816826087,1.4457868311304347,12.885435110434784,0.0,0.0,47544.17,2130.842,1353.7,565.493,27952.67,59260.05,87212.55,36457.9,169472.0,97409.0,443.6,154058.47,17865.0,2696.304,181.0,4071.42
2008-30,19.0,0.04,13.0,16.3354763315,100.0,1.0,0.0,55611.48,1960.774,570.22,137.92,7471.54,18523.86,26033.3,46294.1,84311.0,47717.0,58.2,151724.9,7060.2,2098.4949,445.2,4204.96
2008-32,4.538461538333333,0.006410256333333334,4.538461538333333,3.188894756,44.794871793333336,3.0,0.0,53966.02,2050.216,804.51,257.81702,12328.32,25367.36,37695.61,40639.8,78171.0,41131.0,5982.6,162272.33,13184.8,2308.022,307.30002,3868.24
2008-33,21.559764716666667,0.05594409366666667,13.392153686666667,11.365633476333334,190.4788732333333,0.0,0.0,52689.25,2002.598,671.56,199.737,9584.75,20661.83,30246.66,33934.3,72866.0,38509.0,2299.6,156734.38,8975.9,2202.3389,436.6,3768.26
2008-34,8.333333333,0.083333333,5.0,5.952380952,38.33333333,4.0,0.0,41377.22,1928.434,600.27997,171.287,9676.5205,18993.46,28670.12,36619.2,81315.0,39137.0,3035.2,151956.55,12902.3,2099.727,398.90002,4214.93
2008-35,13.171875,0.080625,7.265625,8.735537581500001,81.90625,3.0,0.0,49922.4,1986.763,605.29,171.149,7212.39,21280.03,28492.43,47566.1,91938.0,60605.0,114.799995,153019.81,9508.6,2157.938,380.30002,3520.34
2008-36,0.0,0.0,0.0,0.0,0.0,1.0,0.0,47489.78,2004.596,765.16003,209.75,6518.67,26298.37,32817.19,52109.4,90570.0,58471.0,1463.8,147686.3,10031.1,2214.361,348.5,3348.89
2008-37,5.142857142857143,0.04,4.857142857142857,5.011233346857142,26.571428571428573,3.0,0.0,46286.47,1886.194,742.53,205.222,6523.97,24591.18,31115.29,52320.5,103960.0,59050.0,5731.8,144123.84,10590.5,2091.411,253.3,4911.55
2008-38,57.57575758,0.242424242,28.78787879,26.38888889,528.7878788,1.0,0.0,53799.492,2184.742,1100.44,235.134,6243.69,28446.39,34690.28,72557.5,160624.0,111134.0,794.8,148678.83,10222.9,2419.858,263.9,3034.67
2008-39,13.4901960785,0.0498039215,9.9901960785,10.5833521325,119.94117647,2.0,0.0,57243.92,2068.156,952.47,288.191,12554.74,32108.36,44663.09,51066.8,120221.0,65826.0,7409.6,146732.3,12543.8,2356.341,241.2,4303.93
2008-4,2.9137166177058824,0.0,2.2158193594117646,2.5476718493823536,30.41948363117647,0.0,0.0,50137.88,2152.277,1674.63,591.429,28802.959,65567.16,94369.98,35389.0,212770.0,128747.0,270.2,152782.83,18482.1,2743.704,200.7,4284.47
2008-40,20.130718954166667,0.03656862745833333,12.558823529583334,14.93801465475,168.366013075,2.0,0.0,54267.16,2091.899,1062.09,301.935,8252.26,31602.9,39855.28,79267.9,145812.0,87286.0,7546.8,139830.23,13270.5,2393.844,260.4,3073.06
2008-41,6.0,0.0,6.0,4.166666667,36.0,2.0,0.0,48335.74,2061.859,894.01,233.305,7081.72,27112.84,34194.94,78955.0,129523.0,75320.0,1969.4,129957.04,13447.5,2295.177,262.6,3460.39
2008-42,7.695153533,0.0,5.8083610805,6.878306878,74.62079171,4.0,0.0,45225.35,2117.969,952.34,249.52701,6231.46,31523.24,37754.75,80163.0,161025.0,83430.0,76.8,126557.28,11556.4,2367.501,239.59999,3159.04
2008-43,8.7764705882,0.05600000000000001,6.7764705882000005,6.0548562089999995,50.964705882,3.0,0.0,42750.78,2106.998,940.79,222.956,5831.81,29671.9,35503.54,84487.8,172845.0,105888.0,3.0,144960.34,11900.7,2329.994,251.5,3286.21
2008-44,3.5843137254,0.0,2.5882352942,3.5462550544000004,31.223529411999998,8.0,0.0,40783.8,2176.7861,1279.38,311.766,6837.81,41020.81,47858.4,86218.5,209908.0,127539.0,1.6,149030.84,15189.3,2488.554,214.59999,3221.95
2008-45,8.41035049388889,0.012535769333333334,5.662398552777778,4.878815132,60.336149015555556,6.0,0.0,38891.65,2165.216,1101.28,345.793,7724.61,38767.85,46492.21,66670.3,169970.0,101132.0,4701.4,159215.34,14729.1,2510.996,163.9,3718.01
2008-46,0.6666666666666666,0.006666666666666667,0.6666666666666666,0.6172839506666666,2.0,5.0,0.0,44265.14,2155.768,1169.36,391.63602,11998.42,50185.48,62183.582,56278.2,143159.0,80246.0,37.2,137533.73,16587.6,2547.41,191.59999,3604.16
2008-47,10.236165577200001,0.0714074074,4.2954248366000005,7.441092254,128.77734204799998,7.0,0.0,41678.48,2130.601,1296.4,375.298,12799.72,53662.69,66462.67,61300.3,260306.0,135204.0,0.2,138397.69,16683.9,2505.884,160.1,3842.7
2008-48,13.0997607029,0.041337396400000004,9.626772534,10.780598938999999,175.93498869,13.0,0.0,42149.82,2169.282,1378.74,392.036,16576.74,58169.72,74746.58,53649.6,263077.0,145047.0,31.800001,139094.86,17282.5,2561.257,131.1,4234.76
2008-49,6.147433714125,0.0241836735,4.859118911,4.673982454875,70.01594916125,4.0,0.0,33441.42,2146.737,1346.71,401.544,18757.07,59318.4,78075.76,52697.3,223865.0,111983.0,0.2,127573.53,17510.8,2548.274,165.5,3848.61
2008-5,3.1417855794666663,0.003631911533333333,2.5086172626333334,2.9538646261,28.846498632333333,0.0,0.0,48172.72,2105.1611,1520.09,509.604,33886.64,60586.35,94472.69,31261.2,172906.0,107739.0,24.6,155427.6,18463.701,2614.751,218.09999,4908.82
2008-50,6.583312499333333,0.006649715833333333,4.652131057111111,5.344870386222222,47.1944409245,2.0,0.0,32141.89,2132.193,1352.28,381.185,12129.03,58164.39,70293.31,66029.4,191309.0,101808.0,0.4,131354.88,16167.8,2513.382,171.6,3818.59
2008-51,2.63137254902,0.009600000000000001,2.2721568627399997,2.5084527274,20.04862745078,3.0,1.0,40087.12,2160.04,1381.02,407.469,15213.56,59672.7,74886.64,64331.1,195723.0,113519.0,0.0,124637.68,16136.5,2567.512,168.4,3618.3
2008-52,2.806126819190476,0.005055849507936509,2.4612298860476187,2.7269323669841277,17.8098403654127,0.0,0.0,39391.45,2152.067,1490.05,399.52402,21977.78,60671.93,82649.67,52846.0,233844.0,123972.0,1.4,144955.98,17775.6,2551.586,151.9,3646.44
2008-6,3.0,0.0,3.0,2.2331702635,18.5,0.0,0.0,50053.61,2098.081,1360.14,309.43,15079.37,44651.42,59730.87,45988.3,159485.0,112631.0,12.6,151846.73,13060.8,2407.5,271.1,5526.24
2008-7,2.0,0.0,2.0,1.4492753622499999,6.0,0.0,0.0,55364.38,2163.208,1345.69,440.229,18780.0,57655.66,76435.33,42075.3,192684.0,119834.0,0.2,140907.84,17697.1,2603.466,222.5,4774.0
2008-8,1.7777777777777777,0.0021786492222222223,1.7777777777777777,1.442058304777778,12.88888888888889,0.0,0.0,55163.85,2180.816,1444.33,473.797,13473.21,55890.34,69363.69,54059.1,256899.0,157813.0,802.4,147930.81,14374.7,2654.617,256.2,4212.67
2008-9,2.5,0.01,2.5,2.07087296125,17.0,0.0,0.0,52297.99,2173.548,1479.78,486.512,16037.15,61413.13,77449.16,56118.1,252717.0,145999.0,15.2,131029.29,18548.3,2660.037,292.3,4483.65
2009-10,2.5180884538636366,0.015769177727272723,2.199551059045455,2.311945516409091,58.78194174531818,1.0,0.0,49856.8,2157.77,1100.25,314.027,12417.42,44348.89,56766.5,53194.7,139591.0,82202.0,2488.6,152965.0,17180.4,2471.816,287.0,4477.94
2009-11,2.3589546847017537,0.004690192122807017,1.8607769128771925,2.1596241758596495,17.6693199035614,0.0,0.0,53351.95,2219.86,1304.31,349.438,13273.26,51578.08,64851.05,59109.598,197847.0,117605.0,3.2,149024.12,18037.9,2569.288,217.2,4065.04
2009-12,1.7377545593035708,0.004750909839285714,1.9125011089821424,1.7004166777857141,13.638279332678568,1.0,0.0,35901.08,2139.216,1150.12,304.825,10535.06,44738.79,55274.05,60488.7,152470.0,90474.0,0.2,145342.8,15036.4,2444.028,272.5,3428.95
2009-13,1.9079454543157894,0.0066102318421052625,1.5100801617105262,1.841661510973684,17.616364886789473,0.0,0.0,56896.53,2180.34,1117.01,268.232,8435.04,44475.42,52909.98,76185.5,172740.0,106662.0,18.0,144919.45,17190.6,2448.545,250.4,4154.94
2009-14,1.705912538924242,0.0031996019393939396,1.4736612365606059,1.669248342515151,14.762098172333337,1.0,0.0,59707.99,2170.317,1169.1799,265.167,8920.74,47674.32,56593.81,90906.9,215784.0,128219.0,0.6,134662.4,17148.2,2435.488,292.59998,4406.48
2009-15,1.9848852589523809,0.002647352619047619,1.8933101673809525,1.910576016095238,24.291285236285717,1.0,0.0,54950.4,2191.56,1250.1,306.332,9118.29,51217.84,60335.74,86879.8,213887.0,129739.0,0.2,135403.83,17427.4,2497.883,285.2,4006.28
2009-16,1.7130676576862742,0.004171123,1.4478328924509805,1.5671999667254903,14.669517013921569,2.0,0.0,56544.17,2110.43,981.41003,236.094,8073.81,37088.23,45161.93,69887.0,122208.0,74313.0,1809.8,150278.84,13000.899,2346.521,280.80002,3790.16
2009-17,1.5952094004594592,0.0012335412162162163,1.577884383135135,1.5266485633243243,10.80107023708108,0.0,0.0,56848.22,2121.444,1076.29,249.174,8825.12,38933.47,47758.67,64554.4,159821.0,82171.0,4346.0,161071.62,13003.1,2370.615,257.7,3938.46
2009-18,2.881977606578947,0.005441266657894736,2.176580247710526,2.612315224236842,24.64021353478947,1.0,0.0,57216.06,2080.964,918.72,198.31999,6642.43,35085.56,41728.18,94378.2,148906.0,83001.0,229.8,139380.75,10958.2,2279.298,280.4,3307.83
2009-19,4.251578583999999,0.01050337612244898,3.3243375487959175,3.69487564144898,57.459062784428575,2.0,0.0,60838.28,2063.763,760.47,139.59,5703.82,30543.85,36247.76,110137.7,137636.0,77163.0,0.0,132191.39,11037.1,2203.377,373.4,3569.26
2009-2,1.6726296958837208,0.004186046511627906,1.6261180679767442,1.6655291476744187,14.447227191395351,0.0,0.0,45071.1,2154.268,1296.19,380.06,16994.3,51503.54,68497.48,48060.6,196041.0,109712.0,0.0,134914.5,15012.4,2534.314,179.9,5096.71
2009-20,3.242086233480769,0.004422900038461539,2.658902082307691,3.0342000860192306,34.54414484248077,0.0,0.0,58403.01,2071.066,855.57,205.15001,6518.97,33154.38,39673.42,78414.2,144360.0,86186.0,0.0,135711.95,14100.1,2276.214,372.6,3619.55
2009-21,2.7941729294285707,0.0016183816,2.518250594685713,2.555402245428571,24.431459668400002,0.0,0.0,60223.64,2008.853,718.11,177.61,9024.14,27705.25,36729.62,53498.4,108518.0,67486.0,24.0,150869.16,13970.8,2186.471,409.9,4039.47
2009-22,2.1728973863333336,0.0,2.1728973863333336,2.231013459,25.094457874666663,1.0,0.0,59173.77,2057.013,826.86,180.334,6906.96,30553.74,37460.9,79549.2,107785.0,73756.0,1420.8,148191.92,10840.8,2237.367,302.1,3781.17
2009-23,3.9013950240784303,0.008261813666666666,2.993108001666666,3.402064882196078,38.8298635195294,1.0,0.0,34197.51,2027.476,791.34,171.177,5502.4,26870.5,32372.56,83463.1,118202.0,73980.0,1162.8,153061.5,10792.8,2198.649,384.0,3984.0
2009-24,4.133314176942857,0.0177312492,3.1591780695142857,3.658347376285715,43.85188704434286,0.0,0.0,59575.55,1973.955,775.36,216.216,9715.71,28706.2,38422.16,46268.5,88535.0,53005.0,9573.8,158303.31,10497.2,2190.178,342.7,3565.4
2009-25,5.639462525555555,0.006138397555555557,4.435062745777778,4.946261179962963,49.628036309555554,0.0,0.0,61956.08,1912.596,674.71,175.836,7579.04,25341.959,32920.96,50804.3,89033.0,46523.0,11494.4,155308.98,12664.0,2088.444,319.7,4926.45
2009-26,7.748895786142855,0.010603450920634921,6.3220016795396825,6.758590237619048,62.35864871388889,1.0,0.0,57354.11,1852.615,506.63998,140.894,9293.28,20552.33,29845.37,33943.1,80895.0,38961.0,72.4,150235.12,12495.7,1993.508,468.8,4959.13
2009-27,3.598481962258065,0.004250094935483871,3.222578522580646,3.17457460983871,23.751716998967744,0.0,0.0,58068.258,1874.829,515.61,159.366,11581.51,20265.21,31846.83,27605.2,59360.0,34103.0,159.8,147431.0,9767.3,2034.196,440.0,3563.25
2009-28,6.034791040285714,0.006328312142857144,5.13043395952381,5.174375655095239,52.402559075238095,2.0,0.0,59597.22,1984.764,690.15,173.487,8068.32,28061.76,36130.14,53648.5,88377.0,51917.0,2782.6,151806.81,11989.5,2158.233,361.7,3837.51
2009-29,7.681522677529411,0.0037845312941176463,6.354609739058823,5.74988106235294,40.98676845841177,2.0,0.0,60379.89,1762.554,642.12,163.512,8400.57,24509.94,32910.54,45888.4,85099.0,45857.0,10088.8,161527.28,13312.0,1926.06,295.9,5334.68
2009-3,1.5,0.0009090909090909091,1.3636363636363635,1.4810624124545455,10.545454545454545,2.0,0.0,43366.3,2192.867,1442.28,439.3,20426.81,66069.71,86496.49,55655.6,222469.0,134961.0,0.0,121578.96,18949.7,2632.172,165.5,4088.49
2009-30,8.9070566756,0.02175384865714286,6.898643074885713,7.692432175,80.72729854088571,0.0,0.0,59444.32,1969.261,523.98,149.632,10212.92,19735.45,29948.49,29428.3,66243.0,33791.0,1113.8,159997.88,11107.8,2118.878,397.5,3912.22
2009-31,9.640679572166666,0.0043662273333333335,6.695425529833333,8.054523034666666,84.42427647858332,0.0,0.0,59896.67,1989.149,592.29,132.237,7353.43,22868.4,30221.48,52203.1,91688.0,55122.0,18.0,155241.52,11413.399,2121.394,440.6,3882.31
2009-32,8.701432448,0.031005574692307695,7.254607315769231,7.401260635461538,72.35924470692306,0.0,0.0,60908.95,1662.559,476.38,104.621,7284.0,17533.59,24816.08,42173.0,79370.0,36278.0,70588.2,158393.73,10081.4,1767.169,190.2,9114.65
2009-33,30.76923077,0.019230769,23.07692308,12.6984127,284.6153846,0.0,0.0,59184.04,1953.928,664.76,214.987,11892.18,25386.89,37279.08,31516.9,93895.0,50283.0,10549.2,157589.19,12760.1,2168.913,372.2,3875.3
2009-34,9.433962264,0.075471698,5.660377358,5.208333333,94.33962264,1.0,0.0,39403.11,2058.794,705.57,182.345,7312.98,25422.12,32735.27,51224.8,100251.0,62268.0,101.200005,144951.5,10194.8,2241.138,353.5,3647.55
2009-36,50.98039216,0.078431373,23.52941176,34.66666667,521.5686275,1.0,0.0,54165.01,2072.343,747.51,175.037,6336.89,25977.2,32314.28,53524.1,101521.0,57520.0,2925.4,153014.34,11285.0,2247.364,294.5,3788.07
2009-37,19.60784314,0.196078431,13.7254902,18.18181818,233.3333333,3.0,0.0,55615.47,2157.114,960.76,209.052,5751.36,28573.371,34325.0,66446.6,139060.0,83883.0,1026.2,153995.69,11113.8,2366.17,267.1,3344.95
2009-38,9.712895376666667,0.038832116666666666,8.559610706666666,7.336301693333333,73.94647203333334,0.0,0.0,52265.07,2021.16,796.02,174.15,6483.7,25212.07,31695.44,62958.3,129373.0,72639.0,34.6,154022.92,11630.1,2195.273,284.19998,4153.67
2009-39,5.423448463444445,0.019443416777777778,4.547463881555555,5.114150037666666,43.86420280222222,1.0,0.0,51093.78,2012.988,757.55,174.955,5786.97,26773.03,32560.04,74971.9,122369.0,67788.0,687.8,153684.4,11508.3,2187.968,241.9,3372.91
2009-4,2.61488185,0.0,2.61488185,3.0612179973333333,32.004524886666665,0.0,0.0,50305.66,2217.44,1508.4,388.887,17002.03,57144.24,74145.9,57735.2,232037.0,135468.0,0.0,138203.02,16711.8,2606.342,186.5,4280.27
2009-40,10.199575020933334,0.02704977366666667,7.622903327066666,8.2888584506,79.62626900766665,1.0,0.0,49734.96,2142.056,1028.53,259.616,9535.38,36781.02,46316.2,60599.7,168712.0,77853.0,3386.6,163278.67,14911.8,2401.656,223.3,3335.55
2009-41,9.76923077,0.0096153845,8.76923077,8.985074627,63.30769231,3.0,0.0,50255.18,2778.7139,1201.29,457.112,11781.7295,48942.92,60724.992,69388.0,205833.0,92127.0,4200.2,160494.62,17314.8,3235.568,153.1,3007.78
2009-42,5.987533316875001,0.014564479625,5.506764086125,6.625257320625,37.180972231875,2.0,0.0,43974.02,3035.021,1119.2,407.893,7180.6997,40349.57,47530.22,93232.9,220450.0,112768.0,0.8,152715.2,14750.3,3442.894,224.4,3570.22
2009-43,11.950549452499999,0.012987013,10.002497502499999,8.1555608825,76.086413595,3.0,0.0,46881.79,3016.762,994.13,384.822,8409.1,41019.44,49428.51,81576.8,254974.0,107473.0,0.0,149000.45,14906.8,3401.591,195.2,4110.01
2009-44,1.923076923,0.0,1.923076923,2.1739130435,0.0,4.0,0.0,40510.28,3083.482,1105.55,451.55798,8237.28,43095.34,51332.168,83814.7,224362.0,113788.0,8.0,140211.06,13586.1,3535.007,217.2,3340.46
2009-45,10.0,0.22,4.0,7.352941176,82.0,8.0,0.0,39951.12,3155.751,1221.15,498.23898,8114.97,47520.85,55635.65,77416.2,252714.0,119606.0,0.8,138838.14,15290.4,3654.012,154.4,3445.92
2009-46,4.901960784,0.0098039215,3.921568627,4.7272727275,29.411764705,7.0,0.0,45388.89,3001.395,1229.11,490.924,13095.52,43990.73,57086.25,60536.8,160754.0,100337.0,158.2,154541.88,14381.3,3492.315,107.3,3195.42
2009-47,3.921568627,0.019607843,3.921568627,3.125,17.64705882,8.0,0.0,38185.49,3056.116,1291.08,531.668,19500.96,52266.17,71767.55,38738.4,162871.0,88414.0,0.0,151047.02,14422.0,3587.801,134.2,4546.37
2009-48,4.9615384615,0.039230769,4.9615384615,5.07499128,93.84615384599999,7.0,0.0,39670.582,3126.687,1381.87,628.948,16648.72,54820.59,71469.4,59920.5,237039.0,133624.0,0.2,155956.12,16550.9,3755.605,154.9,3439.51
2009-49,4.836538462,0.01201923075,2.66346153825,4.113800496625,54.250000005,9.0,0.0,20494.28,3207.08,1481.43,605.062,14493.12,58424.582,72917.67,61796.0,274408.0,148957.0,0.4,137164.77,16511.3,3812.147,140.6,3660.92
2009-50,3.5452498955833334,0.008958615,2.2987498395833335,2.8001333085,50.63230850333333,2.0,1.0,43412.59,3200.173,1492.25,665.543,12734.94,58104.01,70839.03,68889.2,222557.0,135061.0,2.2,148633.56,16159.1,3865.721,145.8,3227.53
2009-51,3.9664164913999995,0.0059718060000000005,2.8825004074000002,2.9503197869999997,43.016979320000004,8.0,0.0,48890.4,3147.024,1335.06,557.398,19970.06,55788.7,75758.48,36906.3,193264.0,114415.0,0.0,143619.48,17277.201,3704.4,126.3,4557.68
2009-52,4.890836239333335,0.012760659888888888,3.8894178604444445,3.0881003765555555,47.91569267222222,8.0,1.0,47895.91,3152.098,1646.78,728.827,18612.53,66148.34,84760.8,53570.7,276084.0,169180.0,2.2,137188.33,19110.8,3880.957,124.100006,3724.67
2009-53,2.224591935888889,0.019924796555555555,2.224591935888889,1.8342610003333333,23.265545998888893,1.0,0.0,51756.89,1798.701,926.68,425.531,20660.74,34529.09,55190.05,11466.5,97788.0,60062.0,4.6,90478.58,8972.4,2224.226,58.8,2532.59
2009-6,1.3584905660454545,0.0036363636363636364,1.2675814751363637,1.383617967,8.761578044545455,0.0,0.0,46622.01,2158.892,1295.5,330.217,10930.51,48451.49,59382.11,71110.4,226356.0,137965.0,0.0,149764.27,14488.8,2489.101,226.3,3537.98
2009-7,1.5636363636333332,0.002,1.4303030303,1.376104507516667,10.427272727266665,0.0,0.0,48593.82,2169.67,1415.84,344.225,11562.44,46131.28,57693.54,65684.8,191122.0,120226.0,0.0,146227.98,15606.9,2513.913,223.7,3544.25
2009-8,2.0,0.0,1.6666666666666667,1.7211589580000002,27.0,1.0,0.0,53736.25,2147.198,1183.96,313.054,11698.04,45305.98,57003.96,54985.3,183238.0,99932.0,21.0,149742.88,16083.3,2460.236,245.19998,4306.0
2009-9,0.0,0.0,0.0,0.0,0.0,1.0,0.0,53032.4,2140.586,999.37,315.941,14754.16,39118.82,53873.26,51774.6,155643.0,85366.0,0.0,150880.22,15935.5,2456.502,307.9,4049.46
2010-1,2.6673796791999997,0.0078431372,2.2752228164000003,2.3918528539999997,28.842067736,3.0,0.0,41411.832,3071.726,1410.41,579.518,23117.34,56230.43,79347.51,39640.4,198733.0,119623.0,11.200001,152393.45,17481.8,3651.26,138.8,4191.25
2010-10,1.96535969475,0.0149033475,1.477264456625,1.762642192375,9.514727321875,2.0,0.0,56469.26,3149.339,1367.27,545.358,11147.65,54448.09,65595.4,62988.5,190893.0,109982.0,19.4,131954.92,18254.5,3694.721,200.4,4367.79
2010-11,2.1035766646538465,0.012156862769230769,1.9527471020384617,1.751765954423077,23.094901326846152,1.0,0.0,31579.709,3108.5679,1212.91,464.568,10582.59,45780.57,56363.54,56158.4,221842.0,100879.0,0.0,149343.33,13694.0,3573.182,207.8,3983.79
2010-12,2.2617085544705877,0.005937846294117647,1.9949672008627448,1.9864198481764714,26.332631513333332,0.0,0.0,57003.11,3083.575,987.68,405.19,10882.1,41654.92,52537.25,54986.8,335036.0,98022.0,6.2,141676.28,14873.7,3488.7458,209.4,4222.03
2010-13,2.9540929518000003,0.0249572562,2.3983952552399996,2.5908377141600005,29.942895161200003,1.0,0.0,56446.56,3206.6,1151.43,469.471,9180.7705,48460.96,57641.89,73995.4,202175.0,102698.0,4.4,137451.2,16089.8,3676.071,233.9,3730.55
2010-15,3.1491887200999997,0.012745098,2.8521396035,2.8513541306,25.904727737500004,1.0,0.0,55682.62,3123.856,1063.65,442.295,12045.56,46795.38,58841.09,60176.3,168123.0,90054.0,157.4,144345.16,15915.5,3566.169,259.5,4299.0
2010-17,4.505279034538461,0.00455505276923077,3.3100127623846154,4.45787878,51.16510035838461,3.0,1.0,58258.55,3200.5261,1205.81,459.492,8048.75,46371.51,54419.99,79129.7,189236.0,93447.0,1905.4,151464.89,13918.9,3659.976,216.5,3648.17
2010-19,5.665995680466666,0.054662637133333324,4.539366305,5.794049710866665,71.18393111933331,1.0,0.0,61460.91,3115.446,951.48,359.475,7399.68,38211.53,45611.41,78497.3,156562.0,83260.0,0.0,141004.84,16807.1,3474.899,328.0,4346.5
2010-2,7.575757576666667,0.0,5.090909091,4.846494501666666,54.666666666666664,3.0,0.0,49747.61,2914.521,1399.78,586.954,19063.89,57049.11,76113.06,54120.4,204671.0,116594.0,0.0,125184.35,17172.5,3501.416,157.3,3551.0999
2010-20,2.8746131893333335,0.057692307666666665,2.698556851333333,4.1907848539999994,52.82101734666666,0.0,0.0,60058.49,2902.593,613.01,230.746,9444.51,25817.32,35261.43,41327.4,90017.0,49080.0,5729.0,149933.44,12293.3,3133.31,328.4,3926.1
2010-21,10.282051283333333,0.064102564,7.076923077333333,8.265717034666666,244.30769229999999,1.0,0.0,57860.41,2924.716,800.99,271.194,6888.09,28090.55,34978.58,68846.7,79080.0,43720.0,13690.8,160783.31,13363.6,3195.919,240.8,4065.79
2010-22,9.852361062576922,0.06713713892307693,7.44744169830769,9.733642731423078,118.15460030092308,3.0,0.0,38654.71,3206.935,968.6,410.796,9014.88,40668.55,49682.992,73347.0,139443.0,76398.0,2419.2,158277.98,15423.8,3617.764,234.5,3632.76
2010-23,10.097279534388887,0.058096006000000006,7.979807178416667,8.946396024999999,162.6118304783333,0.0,0.0,53810.82,3089.549,806.13,307.033,8541.39,29013.39,37554.46,59720.5,92302.0,54007.0,14341.6,163502.19,10192.0,3396.596,228.6,3251.39
2010-24,12.736775685652175,0.028959275999999996,9.875662365565216,12.179463856347827,168.75327490173913,2.0,0.0,57913.86,2952.63,602.61,272.379,14689.64,19459.47,34149.03,27047.6,59400.0,32578.0,2575.4,156959.31,9135.7,3224.957,387.0,3134.88
2010-25,10.913488472071426,0.05589851321428572,8.38073690992857,10.534508413857141,157.88149105285714,2.0,0.0,59327.6,2768.658,616.35,319.289,14423.311,22793.7,37216.92,26497.9,59602.0,32017.0,6401.0,159099.0,11243.1,3089.8071,303.1,3663.45
2010-26,10.1972850674,0.0,8.6283559586,10.1152458528,99.49019607800001,2.0,0.0,59159.65,2926.272,485.68,218.545,9771.51,18034.82,27806.541,34678.7,59059.0,33150.0,215.0,152865.62,10021.3,3144.822,386.8,4008.14
2010-27,8.831474771111111,0.012120141000000001,7.336736469333333,9.177207547333333,77.02786204777777,3.0,0.0,57357.73,2771.712,390.74,161.577,8065.93,15347.41,23411.75,33527.3,58863.0,30300.0,11.6,148379.88,7404.6,2933.254,397.2,3888.0
2010-28,5.706773153333335,0.013181104666666669,4.448472353571428,5.344395323571429,74.57091562428572,2.0,0.0,56511.97,2985.47,658.52,365.336,9802.35,29192.64,38998.36,55603.5,81761.0,43055.0,3522.2,146321.75,14151.2,3350.888,340.69998,4099.4
2010-29,7.297493436749998,0.009277149250000002,5.0095328995749995,6.825686930874999,90.236895444325,2.0,0.0,54846.61,3023.042,726.29,392.642,9149.21,30168.541,39321.84,50235.0,81513.0,45618.0,7971.4,154453.94,11330.1,3415.831,279.0,3390.25
2010-3,2.427056357166667,0.03830188683333333,2.1819583178333333,2.315787016333333,44.93044764516667,1.0,0.0,45908.63,2935.08,1427.88,637.456,16885.08,58508.4,75393.52,54937.2,212095.0,127641.0,0.2,132257.67,16354.5,3572.541,176.4,3171.53
2010-30,7.9757305050526295,0.009731152894736842,6.209300844368421,6.728331356894736,95.66439658784212,1.0,0.0,56501.29,3009.113,800.96,424.41,18655.53,26417.0,45072.6,22250.4,54494.0,29723.0,24682.6,167769.75,9955.2,3433.458,199.6,3411.93
2010-31,8.584174173666666,0.03911130711111111,7.498713574888888,7.793976650111111,100.95737598344445,4.0,0.0,55791.32,2948.464,711.91,358.399,8201.21,26000.67,34202.14,53792.1,84706.0,52116.0,612.8,151198.22,10375.0,3306.823,307.1,3347.0999
2010-32,5.186840120625,0.0125,4.69645550525,4.72970180725,52.411199095,3.0,0.0,58247.63,2898.432,533.23,270.259,10330.1,20970.01,31299.84,33241.0,58392.0,31141.0,10320.0,157868.86,10572.6,3168.687,331.0,3645.8699
2010-33,6.30769230725,0.04346153825,5.346153846,6.1782884075,119.326923085,2.0,0.0,42358.63,3092.045,818.33,388.015,8978.96,30651.6,39630.67,58125.1,95851.0,58396.0,1074.6,155499.6,11296.1,3480.075,244.90001,3116.79
2010-34,11.363160217,0.047529056400000005,9.2274169638,9.521706405600002,136.77150208400002,9.0,0.0,55294.09,3071.9429,725.17,364.078,8183.16,28743.15,36926.22,53869.6,81813.0,47365.0,5440.2,163299.69,10901.2,3436.0151,249.7,3555.01
2010-35,11.263726865444445,0.02154969966666667,7.462395556777778,7.987891714222223,119.2697349288889,19.0,0.0,57437.95,3005.222,703.2,313.056,8818.99,25991.28,34810.06,51603.3,66261.0,32990.0,15429.0,166501.61,12996.0,3318.248,208.7,4840.52
2010-36,13.845320220846155,0.03867235923076924,9.516133286846154,10.397792005076925,135.31831702,36.0,0.0,55091.67,2941.267,694.07,332.619,10931.56,24752.67,35683.87,39238.6,70282.0,37371.0,9943.0,159812.45,13423.4,3273.887,227.7,5053.95
2010-37,14.148304090076921,0.03767284776923077,9.33274334353846,11.147735981692307,191.82073735523076,97.0,0.0,46474.0,2991.036,787.42,361.916,8029.64,28898.97,36929.14,62534.5,97138.0,57570.0,51602.4,158967.55,9907.1,3352.918,216.0,5303.39
2010-38,13.812293818416668,0.02218039116666667,9.006278814,12.472361808166667,175.87525595833327,52.0,0.0,47339.55,3013.553,857.49,391.258,9858.07,29334.39,39192.47,66592.7,103044.0,65837.0,5399.4,157169.95,14600.6,3404.816,246.09999,3532.65
2010-39,13.16678679918182,0.02819524031818182,8.752905551863636,13.516158077500002,173.90106648363638,71.0,0.0,45509.61,3158.317,831.8,310.9,5806.87,27335.18,33142.1,83955.7,129229.0,80195.0,128.40001,155844.6,9752.0,3469.208,238.0,3152.09
2010-4,2.4615384615,0.034038461500000006,2.4615384615,2.52525252525,20.01923077,1.0,0.0,47779.6,3070.707,1531.89,600.99,14932.41,53385.832,68318.04,56678.4,227044.0,136637.0,3.2,148244.1,17483.7,3671.664,177.1,3554.12
2010-40,11.327667960450002,0.024488489349999996,8.059058172250001,13.27805820715,127.47472658375,46.0,0.0,47940.04,3265.5571,1155.7,481.04498,8007.26,39290.78,47297.56,84320.4,154166.0,96711.0,6480.6,154173.38,13633.2,3746.559,182.9,3066.03
2010-41,9.7920825525625,0.00818694325,6.5599393465,12.324738893062499,109.68303591187498,51.0,0.0,45281.25,3212.626,1040.06,446.141,7737.86,38632.71,46368.78,80539.1,144043.0,87741.0,122.0,152546.78,12974.7,3658.765,209.5,3446.49
2010-42,10.138522600999998,0.022898183687499997,6.9332639603125,12.2794201888125,125.36236961687501,62.0,0.0,47111.95,3122.044,1019.95,439.643,10202.18,39397.8,49600.15,65690.2,148371.0,80935.0,4593.4,161499.27,14635.6,3561.634,152.2,4793.16
2010-43,4.923164019111112,0.046851181444444445,3.431673301222222,6.950692153777777,53.35820551,35.0,0.0,41613.18,3169.607,998.34,459.094,10221.5,46913.49,57134.6,60433.1,168811.0,86026.0,5.2000003,137503.48,15718.5,3628.68,178.7,4449.93
2010-44,5.052161686218748,0.010272562968750001,3.9033124212500003,6.76754211134375,63.448286123156244,43.0,0.0,43436.84,3203.596,1124.52,541.866,10652.35,51424.39,62076.73,59097.2,187820.0,109111.0,22.2,148299.02,15158.4,3745.438,177.5,3820.8599
2010-45,3.8462814191052628,0.006288204473684211,3.3386562158947366,5.453425458947367,42.30352674668421,40.0,1.0,39688.58,3201.735,1343.24,618.29297,12962.79,55718.58,68681.42,56539.2,221568.0,134452.0,829.0,148967.38,15204.7,3820.012,115.6,2889.39
2010-46,9.356938054647058,0.018794253294117647,7.174842660470588,11.452387869529415,150.11825427647062,28.0,0.0,40273.47,3214.892,1209.22,563.295,13557.39,52130.47,65687.49,56636.6,188827.0,107275.0,3.6,160799.06,16293.8,3778.1719,149.8,3738.02
2010-47,6.248500864363636,0.013999075454545455,5.292924345909091,7.85725841981818,76.12383297,34.0,0.0,25848.05,3171.715,1174.2,523.572,12975.81,52655.45,65618.74,65497.8,198713.0,106215.0,2.4,140611.11,15853.6,3695.348,170.3,3850.93
2010-48,4.643693327583334,0.00972003525,3.9393708781666668,6.735121241416667,57.45942464275,20.0,0.0,16869.64,3318.181,1400.32,624.092,12765.58,59258.47,72023.88,63244.3,230526.0,137088.0,3.4,151212.05,17200.0,3942.237,167.8,3422.38
2010-49,5.188494702071429,0.026773863357142855,3.931346923214286,6.350905107928571,72.88053823435715,30.0,0.0,45713.32,3200.616,1348.51,577.16,11251.66,59014.25,70265.914,62606.2,239429.0,134513.0,0.0,122043.37,16530.1,3777.781,143.7,3830.66
2010-50,3.860169483769231,0.007405731538461538,3.256100626230769,5.70703891946154,47.73313262807692,8.0,0.0,33937.2,3204.803,1334.78,593.583,18316.35,58354.22,76670.51,41923.5,165316.0,92403.0,711.6,142021.23,18051.1,3798.374,151.3,4300.2
2010-51,7.903756449636362,0.041328671272727276,4.880953671727273,8.288214062272727,134.93688740636364,9.0,0.0,48173.832,3279.344,1443.4299,621.352,12712.02,60222.03,72934.414,62671.0,231050.0,137382.0,0.0,137695.88,16751.9,3900.6511,154.4,4135.65
2010-52,5.348004648666667,0.011012219333333335,3.5187767636666667,6.688340058666668,69.07224513833334,7.0,0.0,51794.77,2212.624,932.1,426.265,10164.71,43124.1,53288.66,48032.2,143570.0,81336.0,0.6,79231.87,13965.1,2638.876,122.1,2694.06
2010-6,2.5907652562187495,0.0026710463125,2.2011116036875,2.30703110078125,22.197600741656252,1.0,0.0,48978.79,3072.559,1347.37,542.475,22042.51,49490.41,71533.21,38644.1,147078.0,91169.0,9.0,153198.56,15631.4,3614.957,203.1,3317.0
2010-7,0.0,0.20754717,0.0,0.0,0.0,0.0,0.0,51836.77,3163.455,1186.37,413.26,16587.96,45569.7,62158.28,33896.4,103587.0,66709.0,599.4,163533.3,11528.1,3576.721,129.2,4303.84
2010-8,2.336785736763636,0.008443246181818184,2.089381524654545,1.955719974309091,16.49017606630909,0.0,0.0,50308.15,2956.827,1297.82,503.839,16933.26,42391.95,59325.21,46745.8,135854.0,82378.0,2.4,149108.38,12801.7,3460.66,215.4,3657.75
2010-9,2.870832324175675,0.01777156667567567,2.4763326422162155,2.3600329845135137,33.548722207986486,1.0,0.0,56166.99,2975.843,977.81,374.259,10533.66,35704.32,46237.96,53959.6,140234.0,79636.0,0.6,149675.28,14201.7,3350.057,263.0,3543.81
2011-1,1.1108777716511626,0.0004239837674418605,0.9019539312093022,1.6807496699767441,10.515484918674417,5.0,0.0,41511.0,3242.4,1345.21,578.16,20848.9,59143.6,79988.8,28867.299,185699.0,113140.0,21.4,144412.0,17091.3,3818.2,143.8,4592.3
2011-10,0.5378582202153847,0.003384615384615385,0.5070889894461539,2.433967576123077,5.526093514307692,0.0,0.0,57682.0,3206.7,1386.25,505.27,7699.2,52400.8,60121.0,76733.0,258512.0,169806.0,12.8,138266.0,16649.9,3710.4,213.3,3792.6
2011-11,1.1818181818181819,0.00030303030303030303,1.0606060606060606,1.5723803227272728,17.21212121212121,1.0,1.0,31644.6,3270.2,1204.25,469.91,8346.6,46275.7,54606.2,70277.2,216829.0,130667.0,0.2,137588.0,14555.1,3736.0999,242.6,4113.1
2011-12,0.8741830065416667,0.0008251633958333334,0.8325163398750001,1.5800979756666667,10.824346405208333,2.0,0.0,51532.0,3233.5,1065.28,423.58,9467.1,49001.8,58465.6,55814.6,193820.0,107502.0,22.0,137238.0,15929.3,3654.5,245.29999,4545.1
2011-13,0.9442724458157895,0.002600619184210526,0.891640866868421,1.7709873330789474,12.938080494736841,0.0,0.0,54223.0,3263.6,1075.63,458.21,8855.1,48225.6,57085.4,79207.1,190102.0,116459.0,488.0,134242.0,13484.1,3722.1,256.1,3527.1
2011-14,0.630546955631579,0.0031578947368421056,0.5779153766842106,0.9660236874473686,6.154798761605263,1.0,0.0,55615.0,3256.5,1023.44,345.79,5810.6,39556.8,45357.2,86189.9,180825.0,110810.0,0.0,138031.0,12772.0,3600.4,296.6,3817.8
2011-15,0.5626926355869566,0.003862876260869565,0.4757361138478261,0.9422685226304348,6.719653747826087,1.0,0.0,60157.0,3167.6,968.24,316.08,6252.7,34460.1,40717.2,75984.1,184475.0,107478.0,1471.6,142872.0,13036.4,3482.9,282.8,3895.9
2011-16,0.6938775510204082,0.0016326530612244899,0.5986394557959184,1.0881960211632653,10.965986394632653,2.0,0.0,62060.0,3173.9,977.8,285.15,4805.8,34259.6,39054.8,113955.6,186420.0,97592.0,469.4,136373.0,12029.8,3460.1,289.0,3931.9
2011-17,5.435934144580645,0.0007721615483870967,5.371418015548387,1.257847970032258,92.02942942258065,0.0,0.0,58253.0,3202.5,977.54,358.98,8251.9,33578.9,41830.7,71601.0,169360.0,100858.0,29.8,146987.0,12330.1,3565.3,312.0,3597.2
2011-18,0.9320261438,0.0006666666666666666,0.6653594771333334,1.2475085728,6.843137255,2.0,0.0,57434.0,3121.5,836.75,341.88,9001.2,33295.7,42276.2,55664.9,120116.0,70823.0,0.0,142999.0,12569.3,3456.0999,427.5,3856.7
2011-19,7.679987691295454,0.09227272727272727,3.1033998955227275,3.4993573683863635,88.86342398877274,2.0,1.0,59294.0,2829.6,664.3,228.73,6761.6,25872.9,32623.3,54601.5,97369.0,58939.0,186.0,150352.0,9880.5,3056.6,391.6,4016.5
2011-2,1.011058079607143,0.0,0.5348676033928572,2.187342896107143,11.620484378928571,1.0,0.0,44053.0,3233.0,1281.5599,580.66,27899.5,52519.1,80404.4,26630.8,152196.0,92384.0,635.8,155481.0,14618.8,3813.8,149.7,4865.2
2011-20,2.5244755244727273,0.0,2.5244755244727273,1.0050718264545455,23.31188811181818,3.0,0.0,54624.0,3113.7,972.6,443.44998,10705.7,37302.8,47978.6,41763.5,88011.0,51970.0,6836.4,164707.0,12391.1,3553.9,193.7,3309.3
2011-21,1.9143686502051283,0.002564102564102564,1.273343009179487,2.066474060179487,13.788582486666668,1.0,0.0,57829.0,3149.1,969.47,417.58,9092.4,35570.3,44661.8,78809.9,129147.0,71043.0,1195.0,157501.0,12386.7,3565.5999,301.5,3842.4
2011-22,2.310498183027027,0.007910607162162162,2.0029048754324323,2.6169620562972975,33.293672669702694,5.0,0.0,35343.0,3049.2,845.38,325.13,7628.8,31736.0,39324.7,64012.1,109275.0,66692.0,1443.4,156713.0,12995.4,3369.1,345.8,3645.4
2011-23,6.548117407944444,0.030378357944444448,4.841577576777777,3.1630091706666668,43.07415782,3.0,0.0,58515.0,2788.7,517.65,226.62,10997.0,17757.6,28746.9,29220.3,68706.0,31242.0,87.0,143321.0,12859.8,3017.1,515.2,5252.9
2011-24,3.5938582906451613,0.007030360516129033,3.017008195645161,4.918757194032259,25.43632316429032,1.0,0.0,59884.0,2859.0,484.91,239.54,9883.2,18948.8,28843.0,34922.6,65052.0,31886.0,0.0,140062.0,12750.3,3095.4,487.0,5076.9
2011-25,3.6092320340185187,0.009577818314814815,3.294417219203704,4.396442791314814,24.11981843490741,2.0,1.0,59719.0,2994.1,697.26,288.79,7295.6,25851.5,33151.1,58760.8,95900.0,52366.0,3410.0,158628.0,10478.8,3277.0,276.0,3972.3
2011-26,5.1924937672,0.009473481839999999,4.44005334812,5.9846229830799995,40.613628966040004,1.0,0.0,60823.0,2934.2,592.56,286.55,11201.6,21629.3,32823.8,35641.6,62229.0,33183.0,8222.6,163154.0,12146.4,3221.0999,366.1,4141.0
2011-27,9.086178875615385,0.015998903057692308,8.628136917576922,5.619440120134617,70.20987737636538,3.0,0.0,58546.0,2798.6,462.66998,199.76,8487.0,18769.2,27234.6,42593.2,62336.0,34994.0,1101.6,149384.0,10101.7,2996.3,441.9,4016.5
2011-28,5.5431749620833335,0.009967948708333334,4.5624057315,5.964125741208332,46.53921568541667,2.0,0.0,55336.0,2787.9,677.82,311.18,10309.3,23711.5,34021.1,36198.0,55925.0,28616.0,12357.2,171640.0,12076.9,3090.4,320.1,4716.7
2011-29,23.36969508764706,0.03515837105882354,7.489604589911765,6.6109687972058815,129.2493715435588,2.0,0.0,58084.0,2811.4001,635.81,264.53,9764.3,20106.2,29827.7,35097.4,74599.0,37402.0,3847.2,169391.0,7991.7,3070.7,358.30002,3936.1
2011-3,0.5747126436896552,0.0006896551724137932,0.5747126436896552,1.1351753706206895,4.597701149413793,2.0,0.0,41583.0,3256.8,1266.33,572.04,21314.9,55142.4,76460.0,32370.7,170819.0,101569.0,51.600002,151465.0,15941.3,3828.9,161.09999,4201.2
2011-30,5.969179544076923,0.02036227553846154,4.210165343307692,6.564062932,52.67870457311538,3.0,0.0,58247.0,3040.4,818.39,397.72,8963.0,29692.3,38656.3,57504.4,97387.0,56629.0,2643.6,156644.0,12051.0,3436.3,352.7,3412.5
2011-31,16.26769382105263,0.013052970973684208,9.03787171263158,10.559866271973686,172.34669052236842,2.0,0.0,56302.0,2790.8,526.65,196.45999,6008.5,19573.9,25577.9,61786.8,89557.0,55659.0,278.2,155475.0,9662.9,2987.0,360.5,4488.9
2011-32,5.894959320805555,0.022839952222222223,4.615546097527777,7.611345333027777,57.939682985055555,4.0,0.0,57188.0,2760.8,496.0,250.81,10245.0,17950.3,28186.6,28260.1,56128.0,28170.0,363.8,152137.0,14214.7,3009.3,467.4,4900.6
2011-33,4.6,0.018000000000000002,3.933333333333333,7.065929734399999,54.06666666666667,5.0,0.0,34267.0,2850.7,517.73,286.19,11056.8,20578.2,31636.0,36145.4,70034.0,39043.0,37.6,143448.0,13440.9,3140.2,407.7,4272.1
2011-34,14.479241710375,0.0025,5.479241710375,10.33665053475,131.3399866625,6.0,0.0,55188.0,3086.4,743.88,342.37,6387.3,28123.0,34496.7,60915.0,97296.0,61923.0,2455.6,156267.0,10853.0,3429.7,323.2,3572.5
2011-35,4.76750861075,0.01093283575,3.60017221575,4.234232700500001,49.394948335,5.0,0.0,54461.0,3019.5,804.41,307.38,6446.7,27419.9,33858.2,63215.4,107776.0,66561.0,11047.8,167313.0,11905.0,3329.0999,211.7,4432.5
2011-36,74.1853383904,0.7230974938000001,23.928841215200002,6.585782051300001,2098.7803142260004,12.0,0.0,52575.0,3152.4,885.69,282.01,4998.0,25665.3,30628.6,86064.6,148774.0,102221.0,1022.4,151608.0,10064.3,3433.4,284.1,3444.0999
2011-37,27.73251425677778,0.0027858137777777778,15.880662404555554,5.620470839777778,199.93285474555557,11.0,1.0,52209.0,2962.8,705.66,267.79,6530.2,24214.0,30732.701,61346.8,102758.0,60989.0,146.40001,152637.0,9638.9,3233.8,351.0,3452.7
2011-38,36.87095088816667,0.011666666666666665,11.204284221499998,8.111501206333335,386.9103099970834,18.0,0.0,53347.0,3143.4,1008.34,394.74,5326.8,32998.0,38307.4,92631.1,159447.0,92537.0,236.40001,150510.0,12262.9,3537.8,255.2,3351.0
2011-39,43.24655014368751,0.0756167555625,22.725040338499998,8.4906134949375,334.55439474249994,15.0,0.0,49785.0,3143.6,1035.23,473.36002,7911.9,35400.9,43324.4,60161.3,139880.0,78560.0,1009.2,164218.0,10705.6,3615.8,226.4,2938.9
2011-4,1.5136831185000001,0.004444444444444444,1.1803497851666667,2.3925085662222223,19.957708716888888,0.0,0.0,42916.0,3226.0,1282.86,502.09,16116.8,51166.0,67278.3,38666.8,176174.0,105565.0,0.2,149575.0,14658.1,3724.8,187.8,4901.1
2011-40,100.452704107375,0.3987820331875,67.4548618916875,10.869744706312499,1975.9667018783123,29.0,0.0,51494.0,3234.5,1085.38,462.2,7306.3,37198.4,44524.0,77361.0,147583.0,84653.0,294.0,158407.0,14315.101,3696.8,262.4,3041.7
2011-41,56.763240617,0.1357219712857143,12.835114425333334,6.028284499809523,421.64827832333333,31.0,1.0,47102.0,3272.5,1134.79,478.37,8141.1,37698.7,45838.6,60046.1,148436.0,87110.0,2654.8,169404.0,11865.4,3748.9,189.7,2821.0
2011-42,32.81840284645001,0.3405605016,15.526696998400002,10.627013754649997,355.147963445,39.0,0.0,43898.0,3242.0,1059.8099,415.13,6788.2,38224.5,44953.5,96231.8,188322.0,104758.0,0.0,147415.0,13633.7,3654.4,200.40001,3096.0
2011-43,7.352557504874999,0.135300004625,6.126491715958333,8.761080622541666,68.83820367750002,43.0,0.0,41505.0,3072.5,997.57,394.85,7265.7,40128.8,47356.1,81816.3,170284.0,94732.0,0.4,147957.0,13648.6,3468.3,201.4,3324.7
2011-44,6.897858002347827,0.08454560500000001,5.851315194782609,8.582880384782607,116.25101947313044,61.0,1.0,37161.0,3210.9,971.64,443.6,6869.6,39955.2,46794.0,69915.2,161583.0,86960.0,0.4,155490.0,11466.4,3651.4,205.90001,3196.2
2011-45,7.456159887884616,0.019921097423076923,5.202141384769231,8.020998811923077,76.56504861307693,87.0,0.0,40051.0,3262.0,1320.24,595.09,18191.0,46916.3,65110.5,29859.1,113448.0,72175.0,7960.6,172240.0,13116.101,3854.0999,120.799995,3148.6
2011-46,9.662098749133333,0.021980556599999996,7.3500424611333335,12.936608965833333,101.63023100800001,82.0,0.0,37318.0,3300.4,1394.8099,572.57,16136.0,45058.5,61161.6,38926.3,157387.0,86620.0,626.0,166120.0,13913.3,3872.0,175.3,2984.5
2011-47,6.29703493723077,0.24694899880769233,5.0390742538076925,8.846911068461539,54.33497886115385,71.0,2.0,42294.0,3326.0,1267.11,533.14,10959.8,48208.3,59182.6,54522.4,179943.0,95679.0,15.4,150107.0,12784.6,3859.2,136.9,2876.7
2011-48,7.817877405896551,0.016539770344827585,5.927692889965516,10.632391981344826,69.03659052417241,72.0,0.0,40043.0,3267.6,1201.84,539.89,12768.1,48529.3,61283.4,50086.7,186284.0,100408.0,349.0,153569.0,12092.7,3804.8,144.6,3863.9
2011-49,6.107115029160001,0.006094710079999999,4.32949637048,8.932737467679999,47.00028977248,48.0,0.0,36293.0,3193.0,1254.96,502.43,13591.5,48954.9,62505.7,32181.2,152276.0,88396.0,52.0,160735.0,11982.1,3697.0999,149.1,4225.6
2011-50,7.3312459937777765,0.01614117537037037,4.94900357774074,8.829959577444447,50.31777082074074,33.0,0.0,41773.0,3242.4,1376.1901,589.25,20946.7,55138.5,76088.2,30985.1,180456.0,109756.0,2227.2,160132.0,13494.1,3831.3,138.70001,3562.0
2011-51,28.321280026999997,0.08846153846153845,12.176483647,8.064945775115385,267.52203025880766,24.0,0.0,42122.0,3198.0,1229.69,504.89,15490.8,54281.3,69762.5,35958.9,175930.0,106868.0,134.2,144132.0,13643.7,3701.8,148.8,4122.7
2011-52,15.961292715117645,0.0066881547058823525,14.990529767941176,7.434947667882351,156.12123794511766,15.0,0.0,35319.0,3647.8,1486.48,658.2,21668.3,66552.2,88171.0,48481.3,224122.0,128395.0,8.6,160965.0,17882.3,4304.9,159.1,4035.0
2011-6,0.4754856614375,0.0,0.43019580631250004,0.8074044011875001,2.2685013876875,4.0,0.0,50759.0,3269.7,1360.79,505.47,11048.1,49171.9,60215.2,64590.3,234200.0,143472.0,7.6,135041.0,14128.2,3772.4,203.7,4214.7
2011-7,0.41397699664285714,0.0005357142857142857,0.2773801165,0.8053718282678571,3.054430989892857,0.0,0.0,49277.0,3285.1,1421.17,562.85,18346.2,53088.5,71421.9,43557.9,191928.0,132141.0,145.8,155178.0,14760.899,3849.2,213.3,4469.0
2011-8,0.7391304347826086,0.004347826086956522,0.6086956521739131,1.2197075477608694,11.26086956521739,0.0,0.0,52835.0,3348.6,1439.0599,548.54,12167.4,53213.4,65376.2,66944.7,243999.0,154354.0,0.2,148845.0,15618.0,3897.9,247.4,3505.2
2011-9,0.6981411950212767,0.0,0.6130348120425532,1.2307277573829787,7.8929217077872345,1.0,0.0,54758.0,3390.2,1424.49,516.86,12095.2,53679.5,65772.7,70987.2,251906.0,152922.0,1.8000001,140194.0,18033.1,3907.4,252.8,4116.2
2012-1,8.48536575817143,0.0367955182,4.529840151685714,3.207134402971428,52.981903650257145,5.0,0.0,44885.0,3600.4,1517.5,602.98,26280.5,59154.8,85441.0,32468.3,191751.0,123539.0,5.0,173955.0,14856.6,4203.9,185.5,4715.4
2012-10,0.6798008111379311,0.0,0.6798008111379311,1.971747091862069,0.0,2.0,2.0,56568.0,3253.6,1279.01,477.07,12704.7,47700.5,60399.0,49517.0,177405.0,100258.0,122.8,144943.0,13028.5,3730.2,303.19998,4510.4
2012-11,0.38370703415151514,0.0,0.3636388021818182,1.2006345653636366,0.0,1.0,0.0,40316.0,3237.9,1181.51,515.67,13432.1,46417.4,59830.9,47610.0,173368.0,100127.0,485.0,155626.0,11690.3,3754.8,297.1,4114.0
2012-12,1.3569486759240506,0.014683544303797468,1.2556828531392403,2.338945528329114,15.10105868892405,2.0,0.0,54389.0,3203.7,1220.6,446.8,9592.2,45882.1,55484.2,62859.3,200776.0,87824.0,0.2,140663.0,11996.3,3649.7,263.7,4272.0
2012-13,1.4682734423703703,0.0022076978888888894,1.3386438127407405,2.7615154909814814,9.510530137962963,1.0,0.0,56838.0,3191.7,909.47,308.0,4677.3,35438.8,40086.9,102780.0,173958.0,68598.0,8.4,124202.0,9610.6,3499.0,253.4,3694.7
2012-14,1.1747824434583334,0.0,1.1747824434583334,2.802697868833333,8.75,4.0,0.0,57465.0,3237.7,1087.67,384.57,5128.4,38548.0,43678.7,75046.4,162718.0,73462.0,875.2,148599.0,10460.5,3621.9,223.2,3395.9
2012-15,1.4270056188888889,0.0011111111111111111,1.2634836063055557,3.2023127810555554,5.210691823888889,4.0,0.0,57908.0,3104.8,735.97,286.82,7267.6,27145.7,34420.9,45040.5,102963.0,43662.0,0.0,144552.0,10979.4,3393.7,402.90002,3991.6
2012-16,1.7970003152333334,0.0,1.6959250464333333,5.427104726833333,2.2666666666666666,1.0,0.0,55599.0,3077.3,892.7,381.88,6707.4,34557.8,41270.3,54204.8,99391.0,46933.0,2228.8,155791.0,11558.8,3456.5,221.90001,3181.8
2012-17,1.5554577530645162,0.0006451612903225806,1.4483525453870967,4.050087010935483,8.08855154967742,0.0,0.0,54357.0,3052.3,877.6,395.67,9834.2,31729.1,41547.3,39601.1,83483.0,39761.0,5224.0,154029.0,11704.0,3444.9,332.69998,3610.4
2012-18,3.4397745076857142,0.004705049342857144,3.118614631628571,4.702447840857142,33.434850181428565,2.0,0.0,59895.0,2988.6,808.16,311.77,7827.9,27302.2,35114.6,61596.6,98049.0,54946.0,1842.0,154188.0,9535.6,3300.4,333.0,3484.4
2012-19,7.396107973714286,0.011674953880952379,6.115195144714286,9.609706888999998,96.37091941261905,4.0,0.0,60229.0,3018.8,729.99,254.28,4377.6,23946.8,28313.9,70972.0,109524.0,65307.0,674.2,147750.0,8466.2,3271.7,356.9,3669.6
2012-2,0.9887692054,0.005316491299999999,0.8341747689666665,1.9414798521666665,8.2101481804,5.0,0.0,45457.0,3262.2,1523.46,623.64,21109.3,55664.7,76764.5,36564.8,213934.0,109573.0,1.2,157586.0,14958.0,3886.1,162.4,3430.2
2012-20,3.723492723486486,0.003783783783783784,3.291060291054054,5.168632489378379,51.86278586270271,0.0,0.0,59887.0,3146.0999,877.13,436.26,12600.3,34424.1,46997.2,29679.0,61362.0,31531.0,13126.6,165998.0,10399.2,3579.4,186.40001,2776.1
2012-21,64.32891832233334,0.004166666666666667,13.49668874175,10.662506271500002,440.34547461333335,7.0,0.0,55048.0,3114.0,817.78,311.76,4788.4,28063.3,32855.6,82060.6,90549.0,50709.0,799.4,145821.0,10436.1,3427.6,392.0,3528.4
2012-22,8.842105263157896,0.02,6.947368421052632,11.61023082036842,132.10526315789474,5.0,0.0,39799.0,3020.3,711.2,323.7,5725.6,27659.6,33364.0,67807.2,97959.0,44192.0,391.2,153649.0,10993.4,3345.1,399.4,3741.9
2012-23,7.1759398515909085,0.015317647863636367,6.140332696136364,9.641880911499998,95.01818595590908,3.0,0.0,52662.0,2972.4,671.23,291.13,5873.7,25387.6,31258.1,49021.4,80297.0,42898.0,10558.6,163853.0,8844.1,3257.3,288.7,3889.1
2012-24,7.111111111111111,0.02,5.777777777777778,7.984207510777777,83.77777777777777,4.0,0.0,52112.0,2783.7,640.23,265.69,6800.0,24141.5,30934.0,43869.0,53866.0,22757.0,14961.0,171259.0,9986.5,3047.9,188.2,5045.3
2012-25,17.575757576666664,0.04848484833333333,11.696969697,15.445186001333335,274.60606060000003,6.0,0.0,50205.0,2762.0,617.46,265.52,8383.7,22639.2,30985.6,36850.0,57688.0,27575.0,16847.8,167985.0,10304.7,3023.7,275.0,4522.0
2012-26,6.0,0.012,5.2,8.289648007,74.8,5.0,0.0,52707.0,2885.6,544.54,243.43,8053.5,20083.9,28145.9,33711.4,100219.0,42026.0,242.0,147064.0,10761.6,3129.5,436.90002,4742.4
2012-27,15.931372549999999,0.02490196075,9.44117647,18.0780380325,121.156862745,8.0,0.0,51210.0,2854.4,492.74,227.09,7333.1997,19779.9,27112.2,38531.4,80780.0,35671.0,46.399998,149829.0,10413.0,3081.6,419.5,3980.1
2012-28,9.977369165714284,0.019943422857142856,9.550212164285714,12.882501633571428,103.36067892857143,4.0,0.0,50442.0,2762.6,388.32,160.74,6571.0,14950.6,21511.0,28776.8,55491.0,27355.0,483.8,149955.0,6126.5,2925.8,462.6,3811.6
2012-29,4.0,0.0,4.0,5.405405405,32.0,2.0,0.0,51520.0,2720.0999,604.63,302.08,8116.2,21679.7,29768.3,31080.8,76661.0,36793.0,988.4,146797.0,8206.0,3022.3,337.7,3265.5
2012-3,0.689040568,0.006718481741935484,0.6687524770967742,1.5621785405806452,3.6140877590967744,2.0,0.0,45848.0,3207.6,1419.83,532.88,16248.1,50929.0,67173.6,44087.0,182555.0,101363.0,2.2,153773.0,11170.3,3739.7,178.9,4342.2
2012-30,5.0,0.05,5.0,4.0322580645,54.0,5.0,0.0,53897.0,2687.3,682.02,338.24,7599.6,25529.6,33113.6,41544.2,73288.0,35120.0,2014.8,143432.0,8781.4,3026.5999,322.5,2920.1
2012-31,8.0,0.02,8.0,11.42857143,194.0,2.0,0.0,52625.0,2681.2,653.72,282.62,4944.4,22586.8,27503.8,51700.9,90844.0,49647.0,1357.4,152705.0,7215.8,2963.9,251.5,4061.1
2012-32,6.926273854,0.0226244345,5.8393173325,6.6122092245,65.32559512,5.0,0.0,51800.0,2747.9,804.59,392.53,10740.6,27077.9,37826.2,34506.7,61532.0,35968.0,12371.0,158813.0,8264.2,3136.0999,211.3,3008.2
2012-33,1.0,0.0,1.0,0.980392157,5.0,6.0,0.0,35834.0,2713.2,682.58,335.24,7714.1,24720.2,32429.6,36372.3,68046.0,39961.0,1441.8,144591.0,8924.7,3048.8,334.80002,2955.9
2012-35,307.5,0.55,53.0,15.238095238,5083.5,3.0,1.0,48402.0,2798.0,702.6,281.9,6022.1997,24483.6,30495.1,47222.4,77787.0,47945.0,4790.2,147102.0,7996.7,3079.4,286.3,3538.4
2012-36,35.41335978666667,0.036198034999999996,21.39710884333333,32.383492139999994,376.8473167,3.0,1.0,47336.0,2745.5,624.19,277.5,5571.9,23280.4,28825.9,51980.9,72401.0,47637.0,128.6,134786.0,7567.4,3023.7,332.7,2947.6
2012-37,11.074626866,0.0139701492,9.082587064,12.544277860400001,128.439801,9.0,0.0,51986.0,2769.5,651.11,277.68,4574.2,24978.201,29532.3,59074.1,102273.0,55607.0,405.4,135940.0,8475.3,3047.7,289.19998,3410.7
2012-38,133.3118623372857,0.14417989414285715,32.57926160471428,11.28034170257143,1922.458920552857,6.0,0.0,49836.0,2991.7,1005.86,374.43,4091.1,32787.8,36847.5,94820.1,148361.0,101417.0,0.0,125810.0,10532.8,3363.9,290.9,2869.4
2012-39,96.63663172,0.13211056855555559,17.828052020555553,11.153084981888888,661.006365325889,11.0,0.0,50798.0,2864.3,759.63,271.74,3961.3,27190.4,31131.0,85287.6,137796.0,69002.0,80.6,131471.0,9483.7,3134.6,262.9,3440.5
2012-4,3.0,0.0,2.0,3.6585365855,43.0,1.0,0.0,47757.0,3159.9,1163.32,327.59,10591.8,37093.6,47682.2,43730.0,119692.0,79071.0,6.8,149231.0,9297.3,3486.6,229.70001,4301.0
2012-40,46.791327794875,0.67438360475,31.276996841999996,12.804375209999998,1199.36250601875,20.0,0.0,48252.0,2913.4,830.84,290.97,3842.4,29514.8,33361.6,99509.7,151126.0,87625.0,12.8,124016.0,9733.0,3199.9,266.1,3008.9
2012-41,10.767039177333336,0.150667115,9.277338264166666,11.462430878333334,117.23797617833333,20.0,0.0,49427.0,2921.5,853.52,345.41,5260.0,32616.8,37868.8,81018.2,159540.0,78599.0,33.2,130924.0,10154.2,3264.2,236.4,3109.8
2012-42,63.82008864214286,0.1044642857142857,20.35070088642857,9.346755393999999,1290.5626417285714,10.0,0.0,47452.0,2742.7,914.8,348.06,5326.4,35451.6,40783.9,81645.2,164506.0,89516.0,5.0,127236.0,9922.6,3087.4,233.3,3006.9
2012-43,24.850840890750003,0.11829685925,14.779712261666669,11.120355502916667,149.95361153583332,9.0,0.0,40974.0,3025.3,1013.56,362.13,4205.0,33310.5,37505.8,97148.3,159779.0,88071.0,3.8,141248.0,10204.1,3386.8,223.9,2987.0
2012-44,10.567204175,0.008368201,7.142353439,14.003608660000001,50.296177889999996,12.0,0.0,37055.0,3362.5999,1309.91,541.85,9781.2,47636.2,57402.3,57270.2,195035.0,110467.0,74.6,156389.0,11751.1,3905.6,157.5,3158.1
2012-45,4.46988629975,0.00319148925,3.544354385,6.53232858725,36.90504334175,14.0,0.0,43789.0,3286.1,1127.44,432.09,6456.2,39153.8,45600.6,84782.6,195432.0,104086.0,0.0,143769.0,11937.9,3717.4,204.8,3100.7
2012-46,25.3488328664,0.2142222222,25.3488328664,10.5293285864,367.12138182,17.0,0.0,41225.0,3306.7,1152.37,463.36,9632.2,43112.7,52733.2,64279.6,147077.0,86646.0,2291.4,150993.0,10687.3,3768.6,164.0,3456.8
2012-47,56.1507408815,0.01206781925,29.90454027375,10.347791437749999,123.1026785725,3.0,0.0,45082.0,3298.4,1209.72,490.12,12472.1,41068.1,53565.4,49966.1,135811.0,81989.0,32.6,157672.0,11201.8,3786.3,198.6,2973.8
2012-48,11.892255892333333,0.052626262666666666,8.131313131333334,14.329243920000001,108.23400673333333,5.0,0.0,37495.0,3376.8,1451.13,580.0,20854.0,49790.4,70617.4,38432.0,133612.0,84328.0,893.8,159851.0,12693.7,3958.4,177.5,3503.1
2012-49,14.1025641,0.008547009,12.39316239,18.33333333,63.24786325,6.0,0.0,39995.0,3282.1,1179.48,485.81,13721.1,47668.2,61372.2,37309.8,140157.0,82534.0,464.2,160305.0,11277.7,3766.1,115.0,3867.1
2012-5,0.6606237612926831,0.002783726219512195,0.6196149673170732,1.3024889300975608,6.016440177097561,2.0,0.0,49373.0,3183.2,1145.94,450.88,13057.4,45645.5,58675.5,51055.1,167805.0,97054.0,208.2,146848.0,10465.4,3630.8,239.59999,4691.8
2012-50,102.18181818166666,0.009090909,35.212121212,6.713792192333333,486.06060606,3.0,0.0,42995.0,3364.4,1290.3,576.41,13626.9,50787.9,64401.3,56554.3,158566.0,91594.0,0.0,149621.0,13381.9,3937.9,176.2,3395.5
2012-6,0.8921475317307692,0.0,0.7609951227307694,1.2895418973076924,3.7681076846923074,2.0,0.0,55349.0,3242.7,1255.35,523.6,17451.2,46808.5,64244.8,33468.6,159634.0,98507.0,214.2,160316.0,9209.5,3762.5,231.0,4530.3
2012-7,0.8299933661176471,0.00010212417647058824,0.7723599594117647,1.4023074214411766,12.923460638205883,2.0,0.0,53362.0,3175.8,1324.41,513.62,11866.6,49748.7,61589.2,50776.5,190388.0,112591.0,204.6,144488.0,11662.2,3690.7,229.2,4137.7
2012-8,0.9961613429534885,0.000503263465116279,0.8942151858139535,2.0377624157906973,12.799959376209303,3.0,1.0,54876.0,3324.8,1552.58,679.37,24709.6,54804.2,79526.2,32729.9,170151.0,106445.0,1099.0,162806.0,12367.2,4003.4,207.20001,3288.2
2012-9,0.8968394248260868,0.0017391304347826088,0.6534897319999999,2.0733822786956524,9.261166993043478,0.0,0.0,55130.0,3347.3,1331.5599,569.38,17730.6,50165.5,67895.2,48293.1,179363.0,109051.0,2.4,154112.0,13266.4,3914.7,247.7,3936.2
